,home_team,home_score,pitcher_home,hitter_home,away_team,away_score,pitcher_away,hitter_away
0,SAMSUNG,1,최충연,"배영섭, 구자욱, 러프, 최영진, 박해민, 이승엽, 최원제, 이지영, 조동찬",KT,9,로치,"심우준, 이대형, 하준호, 유한준, 이해창, 정현, 윤요섭, 모넬, 이진영"
1,HANHWA,9,비야누에바,"강경학, 신성현, 김원석, 로사리오, 이성열, 김회성, 박준혁, 하주석, 최윤석",LG,9,허프,"이형종, 오지환, 정상호, 히메네스, 유강남, 손주인, 김용의, 강승호, 최재원"
2,KIA,7,팻딘,"버나디나, 서동욱, 김주찬, 최형우, 나지완, 안치홍, 김주형, 이홍구, 김선빈",DOOSAN,4,니퍼트,"오재일, 최주환, 박건우, 허경민, 에반스, 국해성, 류지혁, 김재환, 박세혁"
3,LOTTE,2,레일리,"김문호, 정훈, 전준우, 김상호, 최준석, 번즈, 김민하, 박헌도, 신본기",SK,3,다이아몬드,"나주환, 김강민, 김동엽, 워스, 박승욱, 최정, 정의윤, 박정권, 이재원"
4,NC,2,구창모,"윤병호, 김성욱, 권희동, 스크럭스, 모창민, 조평호, 지석훈, 박광열, 손시헌",NEXEN,2,밴헤켄,"김하성, 김웅빈, 고종욱, 김태완, 윤석민, 허정협, 이정후, 김민성, 김재현"
5,SAMSUNG,2,장원삼,"김헌곤, 최영진, 박해민, 구자욱, 러프, 이승엽, 백상원, 성의준, 최경철",KT,6,정대현,"하준호, 모넬, 정현, 이대형, 이진영, 심우준, 장성우, 이해창, 김사연"
6,HANHWA,5,이태양,"강경학, 신성현, 최윤석, 김원석, 김회성, 정현석, 이동훈, 김주현, 로사리오",LG,12,소사,"김용의, 오지환, 정성훈, 최재원, 히메네스, 이병규, 문선재, 정상호, 이형종"
7,KIA,2,김윤동,"노수광, 최원준, 김석환, 이인행, 신범수, 김주찬, 최형우, 이준호, 홍재호",DOOSAN,4,유희관,"박건우, 오재원, 김재환, 허경민, 최재훈, 류지혁, 최주환, 민병헌, 국해성"
8,LOTTE,7,김원중,"나경민, 김상호, 번즈, 김대우, 강민호, 문규현, 박헌도, 김재유, 이우민",SK,2,김주한,"정진기, 워스, 이명기, 김동엽, 한동민, 이대수, 나주환, 이재원, 박승욱"
9,NC,1,최금강,"모창민, 윤병호, 김성욱, 스크럭스, 조평호, 권희동, 지석훈, 이상호, 박광열",NEXEN,1,오설리반,"박정음, 김하성, 윤석민, 채태인, 대니돈, 허정협, 김민성, 김웅빈, 고종욱"
10,KIA,5,홍건희,"안치홍, 김주찬, 최형우, 김주형, 김선빈, 버나디나, 서동욱, 신범수, 나지완",KT,8,피어밴드,"전민수, 심우준, 김동욱, 김사연, 김연훈, 남태혁, 장성우, 김종민, 오정복"
11,SAMSUNG,3,페트릭,"구자욱, 러프, 박해민, 이지영, 이원석, 강한울, 우동균, 성의준, 이영욱",LG,3,류제국,"문선재, 이형종, 최재원, 서상우, 채은성, 강승호, 유강남, 손주인, 박용택"
12,LOTTE,5,박세웅,"전준우, 나경민, 오승택, 번즈, 최준석, 김상호, 신본기, 나종덕, 이우민",DOOSAN,5,보우덴,"류지혁, 최주환, 국해성, 에반스, 오재일, 허경민, 박건우, 조수행, 오재원"
13,NC,7,장현식,"이재율, 조평호, 스크럭스, 모창민, 손시헌, 박광열, 김성욱, 권희동, 지석훈",SK,2,문승원,"이명기, 김동엽, 한동민, 정진기, 김민식, 김강민, 나주환, 최정용, 박승욱"
14,HANHWA,12,배영수,"강경학, 로사리오, 김태균, 신성현, 장민석, 김회성, 조인성, 김원석, 정현석",NEXEN,1,신재영,"허정협, 이정후, 고종욱, 김태완, 김웅빈, 김혜성, 김민성, 장시윤, 김호연"
15,KIA,6,김현준,"최원준, 김석환, 김규성, 노수광, 신범수, 류승현, 이인행, 이준호, 박정우",KT,12,주권,"전민수, 모넬, 이대형, 유한준, 박경수, 김연훈, 이진영, 김동욱, 이해창"
16,SAMSUNG,0,레나도,"김헌곤, 구자욱, 러프, 이원석, 배영섭, 최영진, 이승엽, 조동찬, 강한울",LG,8,임찬규,"오지환, 히메네스, 정성훈, 임훈, 손주인, 박용택, 김용의, 이형종, 채은성"
17,LOTTE,6,노경은,"나경민, 정훈, 이우민, 김상호, 최준석, 강민호, 전준우, 문규현, 오승택",DOOSAN,4,장원준,"국해성, 박건우, 정진호, 허경민, 류지혁, 오재원, 최주환, 민병헌, 조수행"
18,NC,5,이재학,"김성욱, 스크럭스, 모창민, 조평호, 이상호, 윤병호, 권희동, 도태훈, 강진성",SK,5,박종훈,"정진기, 김동엽, 이대수, 정의윤, 한동민, 워스, 이재원, 박승욱, 최정용"
19,HANHWA,8,윤규진,"김원석, 조인성, 강경학, 장민석, 신성현, 김태균, 최윤석, 정현석, 임익준",NEXEN,7,최원태,"이정후, 김혜성, 김하성, 채태인, 고종욱, 장시윤, 홍성갑, 윤석민, 김웅빈"
20,HANHWA,0,오간도,"신성현, 김태균, 장민석, 임익준, 김원석, 강경학, 김주현, 차일목, 최윤석",KT,0,고영표,"심우준, 모넬, 하준호, 김동욱, 이해창, 김사연, 전민수, 홍현빈, 장성우"
21,LOTTE,11,마켈,"오승택, 김민수, 나경민, 김문호, 김사훈, 번즈, 김대우, 강민호, 이대호",LG,2,김대현,"문선재, 이형종, 유강남, 최재원, 김용의, 강승호, 오상엽, 서상우, 정상호"
22,NEXEN,5,오주원,"박정음, 윤석민, 김민성, 김하성, 이택근, 이정후, 채태인, 김태완, 고종욱",DOOSAN,11,함덕주,"최주환, 서예일, 조수행, 정진호, 김인태, 국해성, 김재환, 김민혁, 황경태"
23,KIA,4,헥터,"버나디나, 서동욱, 김주찬, 나지완, 김주형, 김선빈, 안치홍, 최원준, 이홍구",SK,0,켈리,"이명기, 한동민, 김강민, 최정, 정의윤, 나주환, 이대수, 김민식, 워스"
24,NC,3,맨쉽,"모창민, 윤병호, 권희동, 손시헌, 이상호, 김성욱, 스크럭스, 조평호, 지석훈",SAMSUNG,2,우규민,"박해민, 구자욱, 러프, 강한울, 이승엽, 나성용, 이지영, 백상원, 조동찬"
25,HANHWA,1,비야누에바,"김원석, 장민석, 김주현, 이성열, 정현석, 임익준, 신성현, 조인성, 최윤석",KT,9,로치,"심우준, 이대형, 하준호, 모넬, 유한준, 이진영, 이해창, 전민수, 박경수"
26,LOTTE,3,레일리,"나경민, 번즈, 최준석, 김문호, 신본기, 김동한, 오승택, 이대호, 김대우",LG,2,윤지웅,"김용의, 오지환, 박용택, 히메네스, 채은성, 정성훈, 유강남, 손주인, 강승호"
27,NEXEN,5,밴헤켄,"김태완, 서건창, 임병욱, 김호연, 김하성, 이택근, 박정음, 윤석민, 김웅빈",DOOSAN,3,니퍼트,"김인태, 허경민, 최주환, 정진호, 류지혁, 민병헌, 국해성, 최재훈, 조수행"
28,KIA,4,팻딘,"서동욱, 최원준, 김규성, 이호신, 노수광, 류승현, 김주찬, 나지완, 김주형",SK,7,윤희상,"이명기, 정진기, 정의윤, 이재원, 김동엽, 최정, 한동민, 이대수, 박승욱"
29,NC,0,구창모,"권희동, 모창민, 김준완, 김성욱, 지석훈, 도태훈, 이상호, 이재율, 김태군",SAMSUNG,5,이수민,"김헌곤, 우동균, 이원석, 최영진, 러프, 백상원, 배영섭, 이승엽, 권정웅"
30,NC,10,최금강,"모창민, 스크럭스, 김성욱, 나성범, 윤병호, 지석훈, 손시헌, 이재율, 박석민",HANHWA,9,이태양,"신성현, 김주현, 김원석, 장민석, 정현석, 이성열, 김태균, 허도환, 강경학"
31,NEXEN,7,오설리반,"서건창, 이택근, 채태인, 윤석민, 대니돈, 김민성, 고종욱, 송성문, 김하성",LOTTE,6,김원중,"전준우, 번즈, 김상호, 최준석, 김문호, 문규현, 이우민, 손아섭, 나경민"
32,SK,4,다이아몬드,"김강민, 박승욱, 한동민, 김동엽, 이재원, 최정, 정의윤, 김성현, 정진기",DOOSAN,6,유희관,"박건우, 최주환, 허경민, 민병헌, 김재환, 오재일, 최재훈, 류지혁, 국해성"
33,KIA,5,김윤동,"김선빈, 김주찬, 이범호, 서동욱, 김주형, 버나디나, 이인행, 최형우, 최원준",SAMSUNG,1,최충연,"박해민, 김헌곤, 성의준, 이지영, 러프, 이승엽, 백상원, 구자욱, 김상수"
34,LG,1,소사,"이형종, 오지환, 이병규, 이천웅, 박용택, 채은성, 히메네스, 강승호, 정성훈",KT,3,정대현,"이대형, 유한준, 박경수, 이해창, 하준호, 모넬, 이진영, 박기혁, 오정복"
35,NC,4,장현식,"이재율, 모창민, 조평호, 지석훈, 나성범, 스크럭스, 권희동, 이상호, 손시헌",HANHWA,7,배영수,"신성현, 정현석, 김원석, 장민석, 김주현, 차일목, 강경학, 이창열, 김태균"
36,NEXEN,8,신재영,"이정후, 김하성, 고종욱, 김태완, 허정협, 김지수, 김웅빈, 이택근, 김재현",LOTTE,8,박세웅,"번즈, 오승택, 김상호, 전준우, 손아섭, 김대우, 김문호, 김민수, 이우민"
37,SK,7,김주한,"박승욱, 김동엽, 김강민, 최정, 정의윤, 박정권, 이명기, 김재현, 김성현",DOOSAN,7,보우덴,"민병헌, 김재호, 오재일, 양의지, 김인태, 허경민, 정진호, 류지혁, 조수행"
38,KIA,4,홍건희,"김주찬, 이범호, 김주형, 노수광, 버나디나, 나지완, 이준호, 김선빈, 한승택",SAMSUNG,3,장원삼,"박해민, 러프, 김상수, 구자욱, 이승엽, 이원석, 김헌곤, 정병곤, 백상원"
39,LG,7,류제국,"김용의, 오지환, 유강남, 최재원, 박용택, 서상우, 히메네스, 이천웅, 정성훈",KT,5,피어밴드,"전민수, 김사연, 정현, 심우준, 홍현빈, 김동욱, 윤요섭, 오정복, 장성우"
40,HANHWA,6,윤규진,"장민석, 조인성, 강경학, 김원석, 하주석, 김주현, 로사리오, 최진행, 신성현",KIA,3,양현종,"노수광, 최원준, 이인행, 홍재호, 오준혁, 서동욱, 나지완, 이준호, 이성우"
41,NEXEN,15,최원태,"김웅빈, 박동원, 허정협, 서건창, 이정후, 윤석민, 김민성, 채태인, 대니돈",KT,9,주권,"박경수, 전민수, 유한준, 모넬, 정현, 이대형, 하준호, 장성우, 박기혁"
42,SK,3,문승원,"김강민, 나주환, 정의윤, 김성현, 박승욱, 최정, 박정권, 김동엽, 김민식",LG,2,차우찬,"이천웅, 김재율, 유강남, 최재원, 서상우, 이병규, 임훈, 강승호, 손주인"
43,LOTTE,2,노경은,"이우민, 오승택, 손아섭, 이대호, 최준석, 신본기, 김재유, 전준우, 김민하",NC,9,이재학,"김성욱, 권희동, 지석훈, 나성범, 모창민, 조평호, 손시헌, 스크럭스, 김태군"
44,DOOSAN,9,장원준,"박건우, 김재호, 민병헌, 오재일, 허경민, 류지혁, 김재환, 양의지, 김민혁",SAMSUNG,2,페트릭,"박해민, 이승엽, 구자욱, 이원석, 김헌곤, 김상수, 백상원, 러프, 이지영"
45,HANHWA,3,안영명,"장민석, 임익준, 로사리오, 김태균, 송광민, 최진행, 이성열, 차일목, 최윤석",KIA,2,임기영,"버나디나, 서동욱, 노수광, 김선빈, 김주찬, 이범호, 김주형, 최원준, 나지완"
46,NEXEN,4,오주원,"고종욱, 김태완, 김웅빈, 이택근, 대니돈, 김하성, 채태인, 김재현, 김지수",KT,2,고영표,"오정복, 심우준, 장성우, 김동욱, 김사연, 이해창, 홍현빈, 박경수, 모넬"
47,SK,6,박종훈,"김동엽, 한동민, 나주환, 최정용, 이대수, 정의윤, 이재원, 김강민, 조용호",LG,10,임찬규,"손주인, 히메네스, 이병규, 강승호, 박용택, 채은성, 정상호, 이형종, 유강남"
48,LOTTE,0,박시영,"번즈, 손아섭, 신본기, 전준우, 이대호, 김대우, 이우민, 강민호, 김문호",NC,3,구창모,"도태훈, 스크럭스, 모창민, 권희동, 조평호, 지석훈, 김성욱, 나성범, 김태군"
49,DOOSAN,5,함덕주,"정진호, 류지혁, 허경민, 에반스, 국해성, 최주환, 오재원, 황경태, 김인태",SAMSUNG,2,레나도,"김헌곤, 러프, 박해민, 이승엽, 성의준, 구자욱, 이원석, 백상원, 이지영"
50,SK,4,켈리,"조용호, 이명기, 최정, 정의윤, 박정권, 김동엽, 박승욱, 이재원, 김성현",HANHWA,3,비야누에바,"김주현, 장민석, 로사리오, 송광민, 이성열, 강경학, 임익준, 최진행, 정현석"
51,LOTTE,3,박진형,"전준우, 이우민, 번즈, 손아섭, 이대호, 최준석, 강민호, 신본기, 오승택",KT,6,로치,"장성우, 모넬, 이대형, 하준호, 유한준, 박기혁, 심우준, 윤요섭, 김연훈"
52,DOOSAN,2,니퍼트,"오재원, 김재환, 에반스, 오재일, 민병헌, 양의지, 허경민, 김재호, 박건우",LG,1,윤지웅,"김용의, 서상우, 히메네스, 이병규, 최재원, 유강남, 박용택, 채은성, 오지환"
53,NEXEN,6,밴헤켄,"윤석민, 김민성, 이정후, 채태인, 서건창, 고종욱, 김웅빈, 이택근, 허정협",SAMSUNG,7,우규민,"김헌곤, 구자욱, 안주형, 러프, 김상수, 배영섭, 우동균, 이원석, 이지영"
54,SK,4,다이아몬드,"정의윤, 박정권, 이명기, 이대수, 조용호, 김강민, 정진기, 김성현, 최정용",HANHWA,5,오간도,"이양기, 송광민, 임익준, 김주현, 최진행, 차일목, 강경학, 로사리오, 양성우"
55,KIA,5,팻딘,"최병연, 신범수, 최원준, 이홍구, 홍재호, 류승현, 신종길, 이인행, 이준호",NC,4,맨쉽,"김성욱, 나성범, 스크럭스, 박석민, 조평호, 도태훈, 지석훈, 권희동, 김태군"
56,LG,5,소사,"오지환, 이형종, 양석환, 문선재, 채은성, 손주인, 정성훈, 임훈, 박용택",DOOSAN,4,유희관,"민병헌, 국해성, 오재원, 최주환, 박건우, 김인태, 양의지, 에반스, 김민혁"
57,NEXEN,8,오설리반,"대니돈, 서건창, 이택근, 김민성, 윤석민, 김태완, 고종욱, 김하성, 김재현",SAMSUNG,6,윤성환,"박해민, 러프, 우동균, 강한울, 이승엽, 이지영, 안주형, 구자욱, 김헌곤"
58,DOOSAN,3,니퍼트,"양의지, 민병헌, 오재원, 에반스, 김재환, 박건우, 허경민, 오재일, 김재호",HANHWA,0,비야누에바,"로사리오, 김원석, 장민석, 최진행, 조인성, 신성현, 김태균, 임익준, 송광민"
59,SAMSUNG,2,페트릭,"구자욱, 러프, 이승엽, 이원석, 박해민, 김헌곤, 이지영, 강한울, 조동찬",KIA,7,헥터,"버나디나, 서동욱, 김주찬, 최형우, 김주형, 나지완, 이범호, 김선빈, 이홍구"
60,SK,2,켈리,"김강민, 정의윤, 박정권, 김동엽, 한동민, 이재원, 김성현, 최정, 박승욱",KT,3,로치,"이대형, 하준호, 유한준, 박경수, 이해창, 박기혁, 심우준, 모넬, 이진영"
61,NEXEN,1,밴헤켄,"윤석민, 서건창, 이택근, 채태인, 대니돈, 김민성, 고종욱, 김하성, 박동원",LG,2,소사,"이형종, 박용택, 히메네스, 오지환, 채은성, 정성훈, 정상호, 최재원, 문선재"
62,NC,6,맨쉽,"김성욱, 지석훈, 모창민, 손시헌, 김태군, 나성범, 박석민, 권희동, 스크럭스",LOTTE,5,레일리,"전준우, 손아섭, 이대호, 최준석, 강민호, 김문호, 번즈, 신본기, 문규현"
63,DOOSAN,5,유희관,"에반스, 오재일, 박건우, 민병헌, 오재원, 김재환, 양의지, 허경민, 김재호",HANHWA,6,오간도,"장민석, 로사리오, 조인성, 김원석, 송광민, 김태균, 신성현, 최진행, 강경학"
64,SAMSUNG,7,우규민,"강한울, 박해민, 구자욱, 이승엽, 김헌곤, 백상원, 러프, 이원석, 이지영",KIA,9,팻딘,"버나디나, 노수광, 서동욱, 김주형, 김주찬, 김선빈, 최형우, 나지완, 이호신"
65,NEXEN,3,오설리반,"채태인, 서건창, 이택근, 윤석민, 대니돈, 김민성, 김하성, 박동원, 고종욱",LG,8,류제국,"박용택, 김용의, 오지환, 이형종, 이천웅, 손주인, 히메네스, 정성훈, 유강남"
66,SK,0,윤희상,"김강민, 워스, 최정, 정의윤, 김동엽, 이재원, 김성현, 박승욱, 나주환",KT,2,정대현,"이대형, 하준호, 유한준, 모넬, 박경수, 이진영, 이해창, 박기혁, 심우준"
67,NC,0,이재학,"김성욱, 모창민, 나성범, 지석훈, 손시헌, 스크럭스, 박석민, 권희동, 김태군",LOTTE,3,김원중,"전준우, 번즈, 김대우, 문규현, 신본기, 손아섭, 이대호, 김문호, 강민호"
68,DOOSAN,5,고원준,"민병헌, 오재원, 에반스, 김재환, 박건우, 김재호, 양의지, 오재일, 류지혁",HANHWA,4,송은범,"강경학, 하주석, 장민석, 로사리오, 김원석, 김태균, 조인성, 송광민, 신성현"
69,SAMSUNG,16,윤성환,"이지영, 김헌곤, 박해민, 강한울, 구자욱, 러프, 이승엽, 백상원, 이원석",KIA,3,김윤동,"버나디나, 노수광, 김주형, 이홍구, 김주찬, 신종길, 서동욱, 김선빈, 이인행"
70,SK,1,문승원,"김강민, 워스, 최정, 정의윤, 김동엽, 박승욱, 이재원, 나주환, 김성현",KT,8,피어밴드,"심우준, 전민수, 유한준, 박경수, 장성우, 하준호, 모넬, 이진영, 박기혁"
71,NEXEN,2,신재영,"채태인, 윤석민, 김민성, 김하성, 대니돈, 이정후, 서건창, 이택근, 박동원",LG,9,윤지웅,"박용택, 채은성, 히메네스, 김용의, 오지환, 유강남, 손주인, 서상우, 이천웅"
72,NC,4,구창모,"김성욱, 나성범, 모창민, 스크럭스, 박석민, 권희동, 손시헌, 김태군, 지석훈",LOTTE,12,박진형,"강민호, 전준우, 손아섭, 김문호, 문규현, 신본기, 번즈, 이대호, 최준석"
73,HANHWA,6,배영수,"장민석, 하주석, 김태균, 로사리오, 최진행, 신성현, 김원석, 이동훈, 강경학",NC,0,최금강,"이상호, 나성범, 스크럭스, 권희동, 김성욱, 모창민, 조평호, 김태군, 지석훈"
74,KIA,6,양현종,"김주찬, 최형우, 나지완, 서동욱, 신종길, 김선빈, 김주형, 노수광, 한승택",SK,1,박종훈,"김강민, 최정, 정의윤, 김동엽, 박정권, 이재원, 워스, 김성현, 박승욱"
75,LG,11,차우찬,"김용의, 오지환, 박용택, 히메네스, 채은성, 이형종, 정성훈, 유강남, 손주인",SAMSUNG,0,장원삼,"박해민, 구자욱, 러프, 이승엽, 이원석, 김헌곤, 이지영, 강한울, 조동찬"
76,LOTTE,5,박세웅,"전준우, 번즈, 손아섭, 이대호, 최준석, 강민호, 김문호, 문규현, 신본기",NEXEN,2,최원태,"서건창, 대니돈, 채태인, 고종욱, 이정후, 윤석민, 김민성, 김하성, 박동원"
77,KT,0,주권,"이대형, 심우준, 유한준, 박경수, 모넬, 박기혁, 오정복, 하준호, 이진영",DOOSAN,2,장원준,"민병헌, 김재환, 오재원, 에반스, 양의지, 오재일, 허경민, 김재호, 박건우"
78,HANHWA,2,오간도,"장민석, 하주석, 김태균, 로사리오, 이양기, 최진행, 송광민, 정근우, 강경학",NC,5,해커,"이상호, 나성범, 김준완, 박석민, 권희동, 김태군, 스크럭스, 지석훈, 손시헌"
79,KT,5,고영표,"박경수, 심우준, 오정복, 박기혁, 이대형, 유한준, 모넬, 장성우, 홍현빈",DOOSAN,1,함덕주,"민병헌, 오재원, 김재환, 박건우, 김재호, 양의지, 오재일, 에반스, 최주환"
80,KIA,6,임기영,"버나디나, 노수광, 김주찬, 김선빈, 김주형, 최형우, 나지완, 서동욱, 한승택",SK,4,켈리,"정진기, 정의윤, 한동민, 이재원, 김성현, 최정, 김동엽, 박승욱, 박정권"
81,LG,4,소사,"오지환, 채은성, 박용택, 이형종, 양석환, 유강남, 최재원, 김용의, 히메네스",SAMSUNG,0,페트릭,"박해민, 구자욱, 러프, 강한울, 이승엽, 이원석, 이지영, 백상원, 김헌곤"
82,LOTTE,12,레일리,"전준우, 번즈, 손아섭, 이우민, 신본기, 이대호, 최준석, 강민호, 문규현",NEXEN,3,오주원,"서건창, 이정후, 이택근, 윤석민, 김태완, 허정협, 김민성, 김하성, 박동원"
83,KIA,4,헥터,"버나디나, 김주찬, 김선빈, 나지완, 서동욱, 안치홍, 김주형, 최형우, 한승택",HANHWA,2,비야누에바,"장민석, 하주석, 송광민, 로사리오, 이양기, 최진행, 정근우, 김태균, 조인성"
84,LOTTE,4,김원중,"전준우, 번즈, 최준석, 손아섭, 이대호, 강민호, 신본기, 문규현, 이우민",LG,6,류제국,"이형종, 박용택, 히메네스, 채은성, 임훈, 최재원, 오지환, 정성훈, 유강남"
85,SK,3,김주한,"김강민, 김동엽, 한동민, 이재원, 김성현, 노수광, 최정, 박승욱, 정의윤",NC,5,맨쉽,"김준완, 박석민, 박민우, 나성범, 지석훈, 스크럭스, 손시헌, 김태군, 권희동"
86,KT,3,로치,"유한준, 모넬, 이대형, 전민수, 박경수, 박기혁, 심우준, 이진영, 이해창",SAMSUNG,2,우규민,"박해민, 강한울, 이승엽, 이원석, 김헌곤, 구자욱, 러프, 이지영, 백상원"
87,DOOSAN,3,니퍼트,"박건우, 민병헌, 김재환, 에반스, 오재일, 오재원, 허경민, 김재호, 박세혁",NEXEN,7,밴헤켄,"이정후, 서건창, 윤석민, 채태인, 고종욱, 김민성, 대니돈, 김하성, 박동원"
88,KIA,3,팻딘,"김주찬, 김선빈, 나지완, 서동욱, 안치홍, 버나디나, 최형우, 김주형, 김민식",HANHWA,4,송은범,"하주석, 송광민, 이양기, 장민석, 김태균, 로사리오, 최진행, 정근우, 차일목"
89,LOTTE,8,박진형,"손아섭, 번즈, 전준우, 이대호, 신본기, 최준석, 문규현, 이우민, 김사훈",LG,6,윤지웅,"오지환, 박용택, 히메네스, 채은성, 이형종, 임훈, 최재원, 정성훈, 유강남"
90,SK,9,윤희상,"최정, 김강민, 노수광, 김동엽, 한동민, 이재원, 박정권, 김성현, 박승욱",NC,2,구창모,"박민우, 김성욱, 나성범, 이상호, 박석민, 지석훈, 박광열, 스크럭스, 권희동"
91,KT,1,정대현,"이대형, 전민수, 유한준, 박경수, 이진영, 박기혁, 김연훈, 모넬, 이해창",SAMSUNG,0,윤성환,"김헌곤, 이승엽, 이지영, 강한울, 박해민, 구자욱, 러프, 이원석, 조동찬"
92,DOOSAN,10,유희관,"민병헌, 김인태, 에반스, 김재환, 김재호, 박건우, 오재원, 허경민, 최주환",NEXEN,13,오설리반,"고종욱, 서건창, 윤석민, 이정후, 채태인, 김민성, 김하성, 이택근, 박동원"
93,KIA,3,양현종,"버나디나, 이명기, 김주찬, 최형우, 나지완, 안치홍, 김선빈, 김주형, 김민식",HANHWA,2,이태양,"하주석, 장민석, 정근우, 김태균, 송광민, 이양기, 양성우, 신성현, 차일목"
94,LOTTE,7,애디튼,"전준우, 번즈, 이대호, 최준석, 김사훈, 신본기, 이우민, 손아섭, 오승택",LG,1,임찬규,"히메네스, 이형종, 최재원, 정성훈, 채은성, 오지환, 양석환, 임훈, 유강남"
95,SK,8,문승원,"김성현, 김동엽, 박정권, 노수광, 박승욱, 최정, 한동민, 정의윤, 이홍구",NC,5,이재학,"박민우, 나성범, 권희동, 박석민, 조평호, 이상호, 김태군, 김준완, 스크럭스"
96,KT,3,피어밴드,"이대형, 박경수, 유한준, 이진영, 박기혁, 심우준, 장성우, 모넬, 하준호",SAMSUNG,0,최충연,"박해민, 김헌곤, 구자욱, 러프, 이원석, 강한울, 이승엽, 조동찬, 권정웅"
97,DOOSAN,2,고원준,"김재환, 김인태, 허경민, 민병헌, 에반스, 국해성, 오재원, 박세혁, 최주환",NEXEN,13,최원태,"이정후, 서건창, 윤석민, 김하성, 김재현, 김민성, 허정협, 고종욱, 채태인"
98,SAMSUNG,8,장원삼,"박해민, 강한울, 구자욱, 러프, 이승엽, 이원석, 이지영, 김헌곤, 조동찬",HANHWA,11,배영수,"정근우, 하주석, 김태균, 송광민, 장민석, 양성우, 이성열, 신성현, 최진행"
99,DOOSAN,16,장원준,"오재원, 에반스, 박건우, 김재호, 민병헌, 오재일, 허경민, 김재환, 양의지",KIA,4,홍건희,"김지성, 버나디나, 김선빈, 김주찬, 최형우, 나지완, 김주형, 한승택, 안치홍"
100,NEXEN,12,신재영,"고종욱, 이정후, 서건창, 윤석민, 김민성, 허정협, 김하성, 박동원, 김태완",KT,2,주권,"모넬, 이진영, 유한준, 박경수, 이대형, 하준호, 박기혁, 심우준, 이해창"
101,NC,4,장현식,"박민우, 나성범, 모창민, 김성욱, 스크럭스, 지석훈, 권희동, 조평호, 김태군",LG,3,차우찬,"오지환, 채은성, 이형종, 김용의, 박용택, 히메네스, 정성훈, 유강남, 손주인"
102,SK,4,박종훈,"노수광, 정진기, 최정, 한동민, 정의윤, 김성현, 박승욱, 김동엽, 이재원",LOTTE,6,박세웅,"손아섭, 이우민, 이대호, 최준석, 신본기, 김문호, 강민호, 번즈, 오승택"
103,SAMSUNG,3,페트릭,"박해민, 이승엽, 이지영, 러프, 우동균, 구자욱, 백상원, 조동찬, 김헌곤",HANHWA,5,오간도,"하주석, 정근우, 송광민, 김태균, 이성열, 최진행, 조인성, 장민석, 김회성"
104,DOOSAN,4,함덕주,"민병헌, 오재원, 박건우, 에반스, 김재환, 오재일, 양의지, 허경민, 김재호",KIA,8,임기영,"김주찬, 최형우, 김선빈, 안치홍, 이명기, 버나디나, 나지완, 김주형, 이호신"
105,NEXEN,5,오주원,"고종욱, 이정후, 서건창, 채태인, 김웅빈, 허정협, 김하성, 윤석민, 박동원",KT,3,고영표,"이대형, 유한준, 이진영, 박기혁, 오정복, 모넬, 이해창, 박경수, 정현"
106,NC,5,해커,"김준완, 박민우, 나성범, 권희동, 지석훈, 김태군, 스크럭스, 박석민, 김성욱",LG,0,소사,"오지환, 이형종, 박용택, 히메네스, 채은성, 정상호, 최재원, 김용의, 임훈"
107,SK,2,켈리,"노수광, 한동민, 정의윤, 김성현, 나주환, 박정권, 최정, 김동엽, 이재원",LOTTE,1,레일리,"손아섭, 김문호, 번즈, 강민호, 이우민, 최준석, 이대호, 정훈, 문규현"
108,SAMSUNG,5,우규민,"박해민, 이지영, 강한울, 러프, 이승엽, 조동찬, 이원석, 구자욱, 김헌곤",HANHWA,1,비야누에바,"하주석, 장민석, 정근우, 신성현, 김태균, 송광민, 양성우, 이성열, 차일목"
109,DOOSAN,3,니퍼트,"민병헌, 에반스, 김재환, 오재일, 양의지, 김인태, 오재원, 허경민, 김재호",KIA,4,헥터,"버나디나, 김선빈, 안치홍, 최형우, 나지완, 서동욱, 이명기, 김주형, 김민식"
110,NEXEN,6,밴헤켄,"이정후, 대니돈, 윤석민, 채태인, 허정협, 박동원, 서건창, 김민성, 김지수",KT,7,로치,"이대형, 전민수, 윤요섭, 박경수, 유한준, 심우준, 이해창, 모넬, 정현"
111,NC,3,맨쉽,"박민우, 모창민, 권희동, 나성범, 스크럭스, 김성욱, 김태군, 박석민, 지석훈",LG,1,윤지웅,"채은성, 최재원, 오지환, 서상우, 정성훈, 정상호, 김용의, 박용택, 양석환"
112,SK,11,김주한,"박정권, 김강민, 김동엽, 나주환, 박승욱, 최정, 정진기, 이홍구, 정의윤",LOTTE,10,김원중,"이우민, 번즈, 강민호, 손아섭, 이대호, 김문호, 김대우, 오승택, 문규현"
113,LG,5,류제국,"이형종, 오지환, 박용택, 채은성, 히메네스, 이병규, 정성훈, 유강남, 손주인",KT,2,정대현,"전민수, 모넬, 이진영, 유한준, 이대형, 장성우, 박기혁, 김연훈, 심우준"
114,NC,6,배재환,"지석훈, 모창민, 나성범, 스크럭스, 이상호, 권희동, 박석민, 김성욱, 김태군",DOOSAN,10,유희관,"오재원, 에반스, 김재환, 오재일, 양의지, 허경민, 김재호, 박건우, 민병헌"
115,HANHWA,2,송은범,"장민석, 최진행, 송광민, 이양기, 하주석, 이성열, 정근우, 강경학, 양성우",SK,6,윤희상,"나주환, 김강민, 김동엽, 정의윤, 이재원, 박승욱, 노수광, 최정, 한동민"
116,LOTTE,9,박진형,"김문호, 문규현, 손아섭, 이대호, 이우민, 오승택, 최준석, 김사훈, 강민호",SAMSUNG,6,윤성환,"박해민, 구자욱, 강한울, 러프, 이승엽, 이원석, 배영섭, 이지영, 정병곤"
117,KIA,3,팻딘,"김선빈, 김주찬, 최형우, 버나디나, 나지완, 안치홍, 이명기, 김민식, 김주형",NEXEN,2,한현희,"이정후, 김하성, 서건창, 채태인, 이택근, 허정협, 박동원, 윤석민, 김민성"
118,LG,0,임찬규,"이형종, 박용택, 히메네스, 채은성, 최재원, 손주인, 이병규, 정성훈, 정상호",KT,1,피어밴드,"이진영, 전민수, 유한준, 이대형, 모넬, 박기혁, 김연훈, 심우준, 하준호"
119,NC,2,구창모,"김성욱, 모창민, 나성범, 스크럭스, 권희동, 조평호, 이상호, 도태훈, 김태군",DOOSAN,11,김명신,"민병헌, 최주환, 김재환, 허경민, 국해성, 박세혁, 에반스, 김인태, 김재호"
120,HANHWA,4,이태양,"이성열, 신성현, 장민석, 하주석, 김태균, 정근우, 송광민, 최진행, 차일목",SK,12,문승원,"노수광, 김강민, 김동엽, 정진기, 이재원, 박정권, 나주환, 이대수, 최정"
121,LOTTE,6,애디튼,"강민호, 번즈, 이대호, 최준석, 이우민, 김문호, 문규현, 오승택, 손아섭",SAMSUNG,4,최충연,"구자욱, 이승엽, 박해민, 이원석, 조동찬, 강한울, 배영섭, 이지영, 김헌곤"
122,KIA,5,양현종,"버나디나, 이명기, 김주찬, 최형우, 안치홍, 김주형, 나지완, 김민식, 김지성",NEXEN,2,최원태,"이정후, 허정협, 서건창, 윤석민, 김태완, 김민성, 이택근, 김하성, 김재현"
123,LG,12,차우찬,"이형종, 히메네스, 오지환, 채은성, 손주인, 박용택, 이병규, 유강남, 정성훈",KT,5,주권,"모넬, 박기혁, 하준호, 정현, 유한준, 심우준, 오정복, 장성우, 전민수"
124,NC,4,장현식,"김준완, 모창민, 나성범, 권희동, 지석훈, 김태군, 이상호, 스크럭스, 김성욱",DOOSAN,0,장원준,"오재원, 김재환, 양의지, 민병헌, 에반스, 오재일, 류지혁, 허경민, 정진호"
125,HANHWA,1,장민재,"하주석, 송광민, 장민석, 정근우, 김태균, 이성열, 양성우, 신성현, 조인성",SK,10,박종훈,"나주환, 한동민, 정의윤, 이재원, 이대수, 김강민, 최정, 김동엽, 박정권"
126,LOTTE,0,박세웅,"김문호, 번즈, 손아섭, 이대호, 최준석, 이우민, 문규현, 강민호, 나경민",SAMSUNG,3,장원삼,"박해민, 이원석, 러프, 강한울, 배영섭, 구자욱, 이승엽, 이지영, 백상원"
127,KIA,7,홍건희,"이명기, 안치홍, 서동욱, 버나디나, 최형우, 김민식, 신종길, 김주형, 나지완",NEXEN,6,신재영,"이정후, 고종욱, 서건창, 윤석민, 김웅빈, 김민성, 허정협, 김하성, 박동원"
128,KT,0,고영표,"이대형, 유한준, 박경수, 모넬, 장성우, 이진영, 박기혁, 전민수, 하준호",KIA,5,임기영,"버나디나, 이명기, 김주찬, 최형우, 나지완, 안치홍, 김민식, 김선빈, 서동욱"
129,HANHWA,3,오간도,"하주석, 장민석, 정근우, 송광민, 이성열, 김태균, 양성우, 최재훈, 최진행",LG,2,소사,"이형종, 박용택, 히메네스, 채은성, 이병규, 양석환, 최재원, 오지환, 정상호"
130,LOTTE,3,레일리,"번즈, 김문호, 손아섭, 최준석, 강민호, 이대호, 이우민, 문규현, 신본기",NC,8,해커,"나성범, 권희동, 모창민, 이종욱, 스크럭스, 지석훈, 조평호, 김태군, 이상호"
131,DOOSAN,3,함덕주,"민병헌, 김재환, 오재일, 오재원, 에반스, 박건우, 양의지, 허경민, 김재호",SAMSUNG,3,페트릭,"박해민, 구자욱, 김헌곤, 이승엽, 조동찬, 강한울, 이원석, 이지영, 정병곤"
132,SK,7,켈리,"김강민, 최정, 김동엽, 정의윤, 이재원, 박정권, 한동민, 김성현, 이대수",NEXEN,4,오주원,"고종욱, 서건창, 윤석민, 김민성, 허정협, 김하성, 이정후, 채태인, 박동원"
133,KT,3,로치,"유한준, 장성우, 오태곤, 이해창, 오정복, 박경수, 박기혁, 심우준, 이대형",KIA,1,고효준,"버나디나, 김주찬, 김선빈, 최형우, 서동욱, 나지완, 안치홍, 김주형, 신종길"
134,HANHWA,3,비야누에바,"정근우, 송광민, 김태균, 이성열, 최진행, 장민석, 양성우, 하주석, 최재훈",LG,0,김대현,"이형종, 오지환, 박용택, 히메네스, 이병규, 양석환, 최재원, 채은성, 정상호"
135,LOTTE,2,김원중,"김문호, 번즈, 손아섭, 최준석, 문규현, 이대호, 이우민, 강민호, 김민수",NC,8,맨쉽,"이종욱, 나성범, 권희동, 모창민, 이상호, 스크럭스, 조영훈, 김태군, 지석훈"
136,DOOSAN,2,니퍼트,"에반스, 김재환, 오재일, 김재호, 민병헌, 오재원, 양의지, 신성현, 최주환",SAMSUNG,1,우규민,"박해민, 김헌곤, 구자욱, 이승엽, 박한이, 이지영, 이원석, 백상원, 정병곤"
137,SK,5,다이아몬드,"김강민, 김동엽, 정의윤, 이재원, 한동민, 최정, 나주환, 김성현, 이대수",NEXEN,3,밴헤켄,"이정후, 서건창, 윤석민, 김민성, 이택근, 고종욱, 채태인, 김하성, 김재현"
138,KT,2,정대현,"이대형, 심우준, 박경수, 모넬, 김사연, 이해창, 전민수, 오태곤, 이진영",KIA,9,헥터,"김주찬, 버나디나, 김선빈, 최형우, 나지완, 안치홍, 김민식, 서동욱, 김주형"
139,HANHWA,3,안영명,"정근우, 송광민, 하주석, 장민석, 이용규, 김태균, 이성열, 김경언, 최재훈",LG,4,류제국,"임훈, 히메네스, 이병규, 양석환, 유강남, 박용택, 오지환, 손주인, 김용의"
140,LOTTE,4,박진형,"손아섭, 이대호, 번즈, 문규현, 김문호, 나경민, 강민호, 김대우, 신본기",NC,5,최금강,"이종욱, 조영훈, 나성범, 스크럭스, 권희동, 모창민, 이상호, 지석훈, 김성욱"
141,DOOSAN,4,유희관,"민병헌, 최주환, 에반스, 김재호, 김재환, 양의지, 박건우, 허경민, 오재일",SAMSUNG,2,윤성환,"박해민, 김헌곤, 이승엽, 구자욱, 러프, 이원석, 정병곤, 조동찬, 박한이"
142,SK,3,윤희상,"정진기, 한동민, 김동엽, 박정권, 김성현, 이홍구, 김강민, 최정, 박승욱",NEXEN,5,한현희,"이정후, 서건창, 박정음, 김하성, 채태인, 김민성, 윤석민, 허정협, 고종욱"
143,KT,2,피어밴드,"이대형, 모넬, 박경수, 이진영, 장성우, 오태곤, 전민수, 박기혁, 오정복",HANHWA,7,배영수,"정근우, 송광민, 김태균, 로사리오, 하주석, 최재훈, 이용규, 최진행, 장민석"
144,LG,6,임찬규,"박용택, 이병규, 양석환, 이형종, 손주인, 히메네스, 채은성, 오지환, 유강남",KIA,2,팻딘,"버나디나, 이명기, 나지완, 서동욱, 안치홍, 최형우, 김선빈, 김민식, 김주형"
145,NEXEN,4,최원태,"이정후, 서건창, 윤석민, 김민성, 김하성, 허정협, 김태완, 박정음, 주효상",LOTTE,1,애디튼,"김문호, 번즈, 이대호, 손아섭, 최준석, 이우민, 정훈, 문규현, 김사훈"
146,SAMSUNG,4,최충연,"박해민, 러프, 김헌곤, 구자욱, 이승엽, 조동찬, 이원석, 권정웅, 정병곤",NC,4,구창모,"이상호, 스크럭스, 이종욱, 나성범, 권희동, 모창민, 도태훈, 지석훈, 김태군"
147,SK,9,문승원,"최정, 김동엽, 한동민, 박승욱, 김강민, 박정권, 이재원, 김성현, 정진기",DOOSAN,4,보우덴,"오재원, 박건우, 민병헌, 김재환, 에반스, 오재일, 허경민, 류지혁, 박세혁"
148,KT,11,정성곤,"이대형, 이진영, 유한준, 박경수, 장성우, 김사연, 박기혁, 윤요섭, 오태곤",HANHWA,9,송은범,"이용규, 김태균, 로사리오, 최진행, 하주석, 장민석, 송광민, 최재훈, 강경학"
149,LG,4,차우찬,"이형종, 손주인, 박용택, 히메네스, 양석환, 오지환, 채은성, 이병규, 최재원",KIA,5,양현종,"버나디나, 이명기, 최형우, 김선빈, 김민식, 김주찬, 나지완, 김주형, 안치홍"
150,NEXEN,2,신재영,"이정후, 김하성, 서건창, 윤석민, 허정협, 김웅빈, 채태인, 박정음, 김재현",LOTTE,3,박세웅,"나경민, 번즈, 손아섭, 이대호, 김대우, 문규현, 강민호, 이우민, 정훈"
151,SAMSUNG,6,장원삼,"김헌곤, 구자욱, 이승엽, 정병곤, 박해민, 이원석, 조동찬, 박한이, 권정웅",NC,14,장현식,"모창민, 나성범, 김태군, 이종욱, 지석훈, 도태훈, 황윤호, 스크럭스, 권희동"
152,SK,8,박종훈,"김성현, 최정, 김동엽, 한동민, 정의윤, 이홍구, 이재원, 정진기, 박승욱",DOOSAN,4,장원준,"김재환, 민병헌, 정진호, 에반스, 최주환, 오재일, 양의지, 허경민, 류지혁"
153,KT,1,고영표,"유한준, 윤요섭, 김사연, 오태곤, 이대형, 이진영, 박경수, 심우준, 장성우",HANHWA,14,오간도,"하주석, 로사리오, 장민석, 송광민, 강경학, 이용규, 최진행, 이성열, 강상원"
154,LG,7,소사,"박용택, 양석환, 히메네스, 오지환, 임훈, 정상호, 손주인, 김용의, 이형종",KIA,1,정동현,"이명기, 안치홍, 이범호, 서동욱, 버나디나, 최형우, 나지완, 신종길, 김민식"
155,NEXEN,6,조상우,"김하성, 서건창, 김민성, 주효상, 이택근, 윤석민, 허정협, 김태완, 김민준",LOTTE,5,레일리,"나경민, 이대호, 손아섭, 최준석, 강민호, 김문호, 문규현, 번즈, 김대우"
156,SAMSUNG,3,페트릭,"박해민, 김헌곤, 이승엽, 이원석, 박한이, 권정웅, 구자욱, 조동찬, 강한울",NC,6,해커,"나성범, 스크럭스, 모창민, 지석훈, 도태훈, 김태군, 김준완, 이상호, 권희동"
157,SK,4,켈리,"김강민, 김동엽, 정의윤, 이홍구, 정진기, 한동민, 김성현, 이대수, 최정",DOOSAN,8,함덕주,"김재환, 오재일, 허경민, 류지혁, 민병헌, 양의지, 최주환, 에반스, 정진호"
158,LOTTE,4,송승준,"손아섭, 최준석, 나경민, 이대호, 강민호, 신본기, 김문호, 번즈, 이우민",HANHWA,2,비야누에바,"최진행, 로사리오, 장민석, 이성열, 하주석, 이용규, 송광민, 강경학, 최재훈"
159,NC,2,맨쉽,"지석훈, 스크럭스, 이종욱, 나성범, 권희동, 모창민, 박석민, 김태군, 김준완",KT,1,로치,"이대형, 김진곤, 유한준, 이진영, 유민상, 박기혁, 박경수, 심우준, 이해창"
160,NEXEN,13,밴헤켄,"이정후, 채태인, 김민성, 박정음, 김하성, 윤석민, 허정협, 서건창, 주효상",DOOSAN,9,김명신,"오재일, 정진호, 허경민, 신성현, 김재환, 양의지, 최주환, 김재호, 민병헌"
161,LG,3,김대현,"손주인, 박용택, 히메네스, 오지환, 이형종, 양석환, 임훈, 유강남, 김용의",SK,8,다이아몬드,"한동민, 최정, 김동엽, 박정권, 정의윤, 이재원, 나주환, 박승욱, 정진기"
162,KIA,11,임기영,"버나디나, 안치홍, 최형우, 서동욱, 김선빈, 이명기, 이범호, 김민식, 나지완",SAMSUNG,3,최지광,"강한울, 박해민, 구자욱, 이원석, 조동찬, 김헌곤, 이승엽, 박한이, 권정웅"
163,LOTTE,8,박진형,"나경민, 강민호, 김문호, 이대호, 번즈, 신본기, 손아섭, 최준석, 정훈",HANHWA,2,안영명,"정근우, 최진행, 장민석, 로사리오, 이용규, 송광민, 하주석, 이양기, 강경학"
164,NC,11,최금강,"김성욱, 모창민, 나성범, 권희동, 박석민, 지석훈, 김태군, 이상호, 스크럭스",KT,4,정대현,"심우준, 박경수, 장성우, 정현, 유한준, 김사연, 오태곤, 윤요섭, 오정복"
165,NEXEN,3,한현희,"이정후, 김하성, 서건창, 채태인, 윤석민, 김민성, 허정협, 박정음, 주효상",DOOSAN,4,유희관,"허경민, 최주환, 민병헌, 김재환, 양의지, 김재호, 신성현, 정진호, 에반스"
166,LG,9,류제국,"히메네스, 오지환, 임훈, 이형종, 김용의, 박용택, 양석환, 손주인, 정상호",SK,0,윤희상,"노수광, 정진기, 최정, 김동엽, 한동민, 김성현, 이재원, 이홍구, 박정권"
167,KIA,7,헥터,"이명기, 최형우, 버나디나, 나지완, 이범호, 안치홍, 서동욱, 김민식, 김선빈",SAMSUNG,0,윤성환,"강한울, 구자욱, 이승엽, 이원석, 조동찬, 박해민, 김헌곤, 이지영, 김정혁"
168,LOTTE,1,애디튼,"나경민, 손아섭, 최준석, 이대호, 강민호, 김문호, 정훈, 번즈, 김민수",HANHWA,6,배영수,"정근우, 하주석, 로사리오, 최진행, 최재훈, 이양기, 장민석, 송광민, 이용규"
169,NC,3,구창모,"이종욱, 모창민, 나성범, 스크럭스, 권희동, 박석민, 지석훈, 김태군, 이상호",KT,0,피어밴드,"이대형, 오정복, 유한준, 이진영, 박경수, 박기혁, 오태곤, 장성우, 윤요섭"
170,NEXEN,7,최원태,"송성문, 김하성, 윤석민, 허정협, 김민성, 주효상, 채태인, 이택근, 박정음",DOOSAN,3,보우덴,"민병헌, 정진호, 김재환, 최주환, 오재일, 에반스, 양의지, 신성현, 김재호"
171,LG,4,임찬규,"김용의, 히메네스, 오지환, 손주인, 이형종, 박용택, 양석환, 임훈, 정상호",SK,2,문승원,"나주환, 최정, 김동엽, 정의윤, 조용호, 이재원, 박승욱, 한동민, 정진기"
172,KIA,16,팻딘,"버나디나, 이명기, 안치홍, 김주찬, 김민식, 김선빈, 신종길, 나지완, 이범호",SAMSUNG,9,최충연,"배영섭, 김헌곤, 김정혁, 구자욱, 이승엽, 이원석, 조동찬, 이지영, 강한울"
173,KT,1,정성곤,"이대형, 유민상, 오태곤, 박경수, 이해창, 정현, 심우준, 이진영, 유한준",LG,2,차우찬,"이형종, 정성훈, 히메네스, 양석환, 채은성, 김용의, 오지환, 유강남, 최재원"
174,DOOSAN,2,니퍼트,"정진호, 허경민, 민병헌, 에반스, 김재환, 최주환, 김재호, 양의지, 오재원",LOTTE,0,박세웅,"손아섭, 나경민, 최준석, 강민호, 이대호, 김문호, 번즈, 정훈, 신본기"
175,KIA,9,양현종,"김주찬, 최형우, 이명기, 나지완, 안치홍, 김민식, 김선빈, 버나디나, 이범호",NC,3,장현식,"모창민, 나성범, 스크럭스, 권희동, 박석민, 김성욱, 지석훈, 박광열, 이상호"
176,SAMSUNG,5,장원삼,"구자욱, 박해민, 이원석, 이지영, 김상수, 강한울, 이승엽, 김헌곤, 김정혁",SK,7,박종훈,"최정, 김동엽, 나주환, 정의윤, 정진기, 조용호, 이홍구, 박승욱, 김성현"
177,HANHWA,2,송은범,"정근우, 이용규, 하주석, 로사리오, 김주현, 강경학, 장민석, 강상원, 최진행",NEXEN,13,신재영,"박정음, 윤석민, 김재현, 김태완, 김민성, 허정협, 이택근, 서건창, 김하성"
178,KT,6,고영표,"이대형, 유한준, 장성우, 이진영, 오태곤, 이해창, 유민상, 박경수, 박기혁",LG,0,소사,"이형종, 박용택, 임훈, 김용의, 히메네스, 오지환, 손주인, 정상호, 안익훈"
179,DOOSAN,5,장원준,"허경민, 정진호, 에반스, 김재환, 신성현, 최주환, 김재호, 박세혁, 조수행",LOTTE,3,레일리,"김문호, 손아섭, 문규현, 나경민, 정훈, 최준석, 김동한, 이대호, 김상호"
180,KIA,6,김진우,"이명기, 김주찬, 최형우, 안치홍, 버나디나, 나지완, 이범호, 김선빈, 김민식",NC,8,해커,"지석훈, 이상호, 김태군, 모창민, 나성범, 스크럭스, 박석민, 김성욱, 이종욱"
181,SAMSUNG,12,페트릭,"구자욱, 이승엽, 이원석, 강한울, 김상수, 김헌곤, 조동찬, 박해민, 이지영",SK,5,켈리,"조용호, 한동민, 정진기, 나주환, 최정, 정의윤, 이재원, 박승욱, 박정권"
182,HANHWA,3,오간도,"정근우, 이용규, 하주석, 로사리오, 최진행, 장민석, 이양기, 송광민, 최재훈",NEXEN,7,조상우,"박정음, 이정후, 서건창, 김하성, 윤석민, 김태완, 김민성, 허정협, 주효상"
183,KT,5,로치,"이대형, 박경수, 유한준, 김사연, 장성우, 오태곤, 유민상, 심우준, 이해창",LG,7,김대현,"김용의, 오지환, 이형종, 히메네스, 양석환, 손주인, 박용택, 임훈, 유강남"
184,DOOSAN,0,함덕주,"민병헌, 최주환, 에반스, 김재환, 양의지, 정진호, 오재일, 허경민, 김재호",LOTTE,6,김원중,"김동한, 최준석, 김문호, 문규현, 이대호, 손아섭, 정훈, 김사훈, 이우민"
185,KIA,1,임기영,"이명기, 나지완, 안치홍, 최형우, 이범호, 서동욱, 김선빈, 김주찬, 김민식",NC,12,맨쉽,"나성범, 스크럭스, 박석민, 모창민, 이종욱, 도태훈, 김태군, 김준완, 지석훈"
186,SAMSUNG,2,우규민,"박해민, 배영섭, 구자욱, 강한울, 이원석, 조동찬, 이지영, 김상수, 이승엽",SK,13,다이아몬드,"정진기, 김성현, 조용호, 한동민, 이재원, 박정권, 박승욱, 최정, 김동엽"
187,HANHWA,4,이태양,"이용규, 하주석, 정근우, 이양기, 최진행, 로사리오, 강경학, 최재훈, 장민석",NEXEN,5,양훈,"서건창, 이정후, 윤석민, 김재현, 송성문, 채태인, 이택근, 허정협, 박정음"
188,SK,5,윤희상,"나주환, 정의윤, 한동민, 김동엽, 박정권, 이재원, 김성현, 박승욱, 조용호",HANHWA,6,장민재,"최진행, 하주석, 장민석, 이용규, 로사리오, 정근우, 허도환, 송광민, 이양기"
189,NEXEN,3,한현희,"송성문, 이정후, 서건창, 허정협, 채태인, 김민성, 김하성, 박정음, 김규민",KIA,9,헥터,"김주찬, 이범호, 김선빈, 이명기, 나지완, 서동욱, 김민식, 최형우, 안치홍"
190,KT,0,정대현,"유한준, 장성우, 이해창, 김사연, 심우준, 이대형, 오정복, 박경수, 오태곤",LOTTE,9,송승준,"손아섭, 이대호, 김문호, 번즈, 김동한, 최준석, 강민호, 이우민, 문규현"
191,LG,1,류제국,"이형종, 김용의, 박용택, 히메네스, 임훈, 오지환, 양석환, 정상호, 손주인",NC,2,최금강,"모창민, 나성범, 이종욱, 스크럭스, 박석민, 권희동, 지석훈, 김태군, 도태훈"
192,SAMSUNG,6,윤성환,"박해민, 김헌곤, 구자욱, 러프, 조동찬, 김상수, 이승엽, 이원석, 이지영",DOOSAN,5,유희관,"민병헌, 김재환, 박건우, 에반스, 양의지, 정진호, 오재원, 김재호, 신성현"
193,SK,8,문승원,"정진기, 나주환, 김동엽, 정의윤, 한동민, 박승욱, 최정용, 박정권, 이재원",HANHWA,9,배영수,"하주석, 로사리오, 송광민, 김경언, 정근우, 장민석, 이동훈, 김회성, 최재훈"
194,NEXEN,1,최원태,"이택근, 서건창, 윤석민, 허정협, 김민성, 송성문, 김하성, 이정후, 김재현",KIA,2,양현종,"이명기, 김선빈, 김주찬, 나지완, 이범호, 서동욱, 최형우, 김민식, 김호령"
195,KT,8,피어밴드,"이대형, 오정복, 박경수, 유한준, 장성우, 정현, 윤요섭, 오태곤, 김사연",LOTTE,2,애디튼,"손아섭, 김동한, 최준석, 김문호, 번즈, 이대호, 강민호, 문규현, 이우민"
196,LG,13,임찬규,"양석환, 박용택, 히메네스, 오지환, 유강남, 이형종, 김용의, 문선재, 손주인",NC,0,구창모,"모창민, 나성범, 이종욱, 스크럭스, 박석민, 권희동, 도태훈, 박광열, 김성욱"
197,SAMSUNG,4,최충연,"박해민, 김헌곤, 구자욱, 이승엽, 조동찬, 러프, 이원석, 권정웅, 김상수",DOOSAN,10,홍상삼,"에반스, 민병헌, 김재환, 양의지, 박건우, 김재호, 정진호, 오재원, 조수행"
198,SK,6,박종훈,"조용호, 나주환, 정의윤, 박정권, 이재원, 한동민, 이홍구, 박승욱, 김성현",HANHWA,2,안영명,"장민석, 김경언, 정근우, 송광민, 김회성, 로사리오, 하주석, 양성우, 최재훈"
199,NEXEN,9,신재영,"채태인, 김재현, 이정후, 서건창, 김태완, 윤석민, 허정협, 김민성, 김규민",KIA,1,김진우,"버나디나, 김주찬, 최형우, 김선빈, 이명기, 안치홍, 신종길, 서동욱, 김민식"
200,KT,2,류희운,"오정복, 이대형, 박경수, 유한준, 장성우, 윤요섭, 정현, 이진영, 박기혁",LOTTE,3,박세웅,"손아섭, 이대호, 최준석, 강민호, 번즈, 나경민, 김동한, 김문호, 문규현"
201,LG,4,차우찬,"박용택, 오지환, 양석환, 이형종, 히메네스, 최재원, 유강남, 김용의, 문선재",NC,3,이민호,"모창민, 나성범, 스크럭스, 권희동, 박석민, 지석훈, 이종욱, 김태군, 손시헌"
202,SAMSUNG,2,김대우,"김상수, 구자욱, 러프, 조동찬, 박해민, 이지영, 강한울, 김헌곤, 문선엽",DOOSAN,17,니퍼트,"민병헌, 김재환, 국해성, 에반스, 양의지, 오재원, 김재호, 박건우, 최주환"
203,LOTTE,3,레일리,"번즈, 문규현, 손아섭, 이대호, 김문호, 김사훈, 최준석, 김동한, 정훈",KIA,5,팻딘,"김주찬, 이범호, 안치홍, 김선빈, 최형우, 나지완, 김주형, 한승택, 김민식"
204,HANHWA,13,오간도,"하주석, 로사리오, 차일목, 정근우, 송광민, 김경언, 김원석, 양성우, 김회성",KT,1,정성곤,"오정복, 모넬, 유한준, 이진영, 박기혁, 심우준, 이대형, 박경수, 정현"
205,DOOSAN,1,장원준,"김재호, 에반스, 김재환, 양의지, 최주환, 박건우, 오재원, 허경민, 조수행",LG,3,소사,"이형종, 정성훈, 히메네스, 오지환, 양석환, 정상호, 손주인, 김용의, 문선재"
206,NEXEN,5,조상우,"허정협, 김규민, 서건창, 채태인, 김민성, 송성문, 윤석민, 박동원, 이정후",SK,3,김주한,"조용호, 노수광, 한동민, 정의윤, 박정권, 이홍구, 나주환, 박승욱, 김성현"
207,NC,7,해커,"김성욱, 나성범, 권희동, 지석훈, 손시헌, 김태군, 모창민, 스크럭스, 박석민",SAMSUNG,2,페트릭,"김상수, 구자욱, 러프, 조동찬, 이지영, 박해민, 김헌곤, 강한울, 이원석"
208,LOTTE,0,김원중,"손아섭, 김문호, 강민호, 최준석, 나경민, 이대호, 번즈, 김동한, 김대륙",KIA,3,임기영,"버나디나, 나지완, 이범호, 서동욱, 이명기, 안치홍, 최형우, 김민식, 김선빈"
209,HANHWA,5,이태양,"정근우, 장민석, 송광민, 로사리오, 김경언, 김원석, 하주석, 최재훈, 양성우",KT,3,로치,"이대형, 모넬, 오정복, 박기혁, 이진영, 박경수, 유한준, 심우준, 이해창"
210,DOOSAN,5,함덕주,"민병헌, 최주환, 김재환, 양의지, 박건우, 국해성, 오재원, 김재호, 에반스",LG,7,김대현,"문선재, 김용의, 정성훈, 히메네스, 양석환, 강승호, 손주인, 이형종, 임훈"
211,NEXEN,5,양훈,"송성문, 서건창, 윤석민, 허정협, 이정후, 채태인, 김웅빈, 김규민, 김태완",SK,13,켈리,"조용호, 노수광, 김동엽, 박정권, 이재원, 최정, 한동민, 박승욱, 나주환"
212,NC,1,구창모,"이종욱, 나성범, 모창민, 김성욱, 박석민, 이상호, 박광열, 권희동, 스크럭스",SAMSUNG,12,최지광,"강한울, 박해민, 조동찬, 김헌곤, 이원석, 이지영, 김상수, 정병곤, 구자욱"
213,LOTTE,3,박진형,"손아섭, 나경민, 이대호, 강민호, 최준석, 김동한, 김문호, 문규현, 번즈",KIA,5,헥터,"버나디나, 이명기, 안치홍, 최형우, 김민식, 김선빈, 이범호, 신종길, 서동욱"
214,HANHWA,0,송은범,"정근우, 장민석, 송광민, 로사리오, 김경언, 하주석, 양성우, 최재훈, 김원석",KT,10,고영표,"이대형, 하준호, 박경수, 유한준, 박기혁, 심우준, 이진영, 모넬, 오태곤"
215,DOOSAN,4,유희관,"에반스, 민병헌, 오재원, 김재환, 최주환, 박세혁, 김재호, 박건우, 허경민",LG,10,류제국,"박용택, 양석환, 정상호, 김용의, 정성훈, 손주인, 히메네스, 임훈, 안익훈"
216,NEXEN,6,한현희,"송성문, 서건창, 김민성, 이정후, 이택근, 윤석민, 허정협, 김하성, 김재현",SK,6,김태훈,"조용호, 노수광, 박정권, 나주환, 김동엽, 박승욱, 김성현, 이홍구, 정의윤"
217,NC,13,최금강,"이상호, 나성범, 손시헌, 이종욱, 모창민, 박석민, 김태군, 스크럭스, 권희동",SAMSUNG,3,우규민,"박해민, 강한울, 구자욱, 러프, 김헌곤, 정병곤, 조동찬, 이원석, 이지영"
218,KIA,9,양현종,"김주찬, 버나디나, 이명기, 나지완, 최형우, 김민식, 김지성, 이범호, 안치홍",KT,4,정대현,"오정복, 유한준, 심우준, 박기혁, 박경수, 이해창, 정현, 윤요섭, 이진영"
219,KIA,0,김진우,"버나디나, 이명기, 나지완, 이범호, 김주찬, 최형우, 안치홍, 김지성, 한승택",KT,3,피어밴드,"이대형, 이진영, 유한준, 오정복, 박기혁, 장성우, 심우준, 박경수, 오태곤"
220,SAMSUNG,1,윤성환,"박해민, 김헌곤, 구자욱, 러프, 조동찬, 이승엽, 김상수, 이원석, 이지영",LG,6,차우찬,"박용택, 김용의, 정성훈, 양석환, 이병규, 히메네스, 오지환, 손주인, 유강남"
221,HANHWA,1,배영수,"정근우, 양성우, 김경언, 로사리오, 장민석, 하주석, 최재훈, 김원석, 송광민",LOTTE,8,송승준,"손아섭, 번즈, 김대륙, 이대호, 최준석, 강민호, 김문호, 나경민, 김동한"
222,DOOSAN,6,니퍼트,"민병헌, 오재원, 김재환, 양의지, 박건우, 에반스, 최주환, 허경민, 김재호",SK,0,문승원,"나주환, 한동민, 정의윤, 조용호, 최정, 김동엽, 박정권, 이재원, 박승욱"
223,NC,3,맨쉽,"박민우, 나성범, 스크럭스, 모창민, 이종욱, 박석민, 권희동, 손시헌, 김태군",NEXEN,0,최원태,"서건창, 송성문, 윤석민, 대니돈, 채태인, 고종욱, 김웅빈, 이정후, 김재현"
224,KIA,2,팻딘,"버나디나, 이명기, 나지완, 최형우, 이범호, 김주찬, 안치홍, 김민식, 김지성",KT,4,주권,"이대형, 오정복, 박경수, 유한준, 오태곤, 김사연, 정현, 장성우, 박기혁"
225,SAMSUNG,5,페트릭,"김상수, 박해민, 러프, 이승엽, 김헌곤, 구자욱, 조동찬, 이원석, 이지영",LG,8,소사,"히메네스, 박용택, 김용의, 오지환, 정성훈, 양석환, 이병규, 정상호, 손주인"
226,HANHWA,2,오간도,"정근우, 로사리오, 차일목, 송광민, 김태균, 장민석, 하주석, 양성우, 김원석",LOTTE,1,박세웅,"나경민, 이대호, 강민호, 김문호, 손아섭, 최준석, 김대륙, 문규현, 번즈"
227,DOOSAN,7,장원준,"민병헌, 오재원, 김재환, 양의지, 박건우, 허경민, 최주환, 김재호, 오재일",SK,0,박종훈,"노수광, 로맥, 최정, 김동엽, 한동민, 정의윤, 나주환, 김성현, 이재원"
228,NC,1,해커,"이종욱, 스크럭스, 모창민, 박민우, 나성범, 김태군, 지석훈, 권희동, 손시헌",NEXEN,2,신재영,"고종욱, 서건창, 김민성, 김웅빈, 이정후, 윤석민, 김재현, 채태인, 채상현"
229,LG,3,김대현,"박용택, 김용의, 양석환, 이형종, 히메네스, 오지환, 임훈, 유강남, 이병규",HANHWA,5,이태양,"하주석, 송광민, 로사리오, 김태균, 양성우, 장민석, 차일목, 김원석, 정근우"
230,SK,8,켈리,"조용호, 최정, 로맥, 이재원, 박승욱, 김성현, 정진기, 박정권, 한동민",KIA,2,임기영,"버나디나, 이명기, 나지완, 최형우, 서동욱, 이범호, 안치홍, 김민식, 신종길"
231,KT,5,로치,"이대형, 모넬, 박경수, 유한준, 심우준, 장성우, 오태곤, 박기혁, 이해창",NC,8,이민호,"나성범, 스크럭스, 손시헌, 이상호, 김태군, 이재율, 김성욱, 이종욱, 모창민"
232,SAMSUNG,4,백정현,"김상수, 구자욱, 러프, 김헌곤, 이원석, 조동찬, 이승엽, 이지영, 배영섭",NEXEN,1,밴헤켄,"이정후, 김하성, 윤석민, 김민성, 고종욱, 채상현, 서건창, 허정협, 김웅빈"
233,LG,0,류제국,"양석환, 김용의, 임훈, 박용택, 히메네스, 정성훈, 손주인, 강승호, 안익훈",HANHWA,10,김재영,"장민석, 최재훈, 정근우, 하주석, 송광민, 로사리오, 김태균, 양성우, 김원석"
234,SK,3,윤희상,"정진기, 박정권, 조용호, 로맥, 이재원, 나주환, 최정, 한동민, 김성현",KIA,5,헥터,"김선빈, 안치홍, 서동욱, 김주형, 최형우, 버나디나, 이명기, 김민식, 이범호"
235,KT,5,고영표,"이대형, 이진영, 오정복, 정현, 모넬, 박경수, 유한준, 심우준, 이해창",NC,2,최금강,"나성범, 스크럭스, 박석민, 권희동, 이재율, 이종욱, 지석훈, 윤병호, 손시헌"
236,LOTTE,4,레일리,"이우민, 이대호, 정훈, 손아섭, 최준석, 김문호, 강민호, 번즈, 문규현",DOOSAN,9,홍상삼,"민병헌, 허경민, 에반스, 김재환, 양의지, 박건우, 최주환, 김재호, 신성현"
237,SAMSUNG,4,김대우,"김상수, 김헌곤, 이승엽, 이원석, 구자욱, 러프, 강한울, 이지영, 박해민",NEXEN,5,조상우,"송성문, 고종욱, 채태인, 김하성, 김민성, 김재현, 이정후, 서건창, 채상현"
238,LG,4,임찬규,"김용의, 히메네스, 오지환, 채은성, 박용택, 정성훈, 이형종, 유강남, 손주인",HANHWA,1,윤규진,"정근우, 하주석, 송광민, 로사리오, 김태균, 양성우, 최재훈, 정현석, 김원석"
239,SK,4,김태훈,"조용호, 한동민, 김동엽, 나주환, 최정, 로맥, 정의윤, 이홍구, 김성현",KIA,3,양현종,"김주찬, 이명기, 나지완, 최형우, 이범호, 김선빈, 김민식, 김호령, 안치홍"
240,KT,10,정성곤,"이대형, 모넬, 박경수, 이진영, 오태곤, 심우준, 오정복, 박기혁, 이해창",NC,5,이재학,"모창민, 나성범, 권희동, 지석훈, 김태우, 김성욱, 스크럭스, 박석민, 윤병호"
241,LOTTE,1,애디튼,"김문호, 김동한, 번즈, 손아섭, 정훈, 이대호, 최준석, 김대륙, 강민호",DOOSAN,15,유희관,"박건우, 최주환, 김재환, 양의지, 민병헌, 허경민, 에반스, 오재원, 김재호"
242,SAMSUNG,4,최지광,"김헌곤, 구자욱, 러프, 이승엽, 이원석, 김상수, 권정웅, 강한울, 박한이",NEXEN,5,한현희,"서건창, 채태인, 김하성, 이정후, 박동원, 유재신, 고종욱, 윤석민, 김민성"
243,NEXEN,2,최원태,"서건창, 윤석민, 채태인, 김민성, 김하성, 고종욱, 김재현, 박정음, 이정후",HANHWA,1,비야누에바,"정근우, 장민석, 송광민, 로사리오, 김태균, 양성우, 하주석, 최재훈, 김원석"
244,LOTTE,6,김원중,"손아섭, 최준석, 강민호, 번즈, 문규현, 정훈, 이대호, 김동한, 김문호",KT,0,피어밴드,"박경수, 이진영, 오정복, 오태곤, 박기혁, 이대형, 모넬, 김사연, 정현"
245,KIA,3,김진우,"김선빈, 안치홍, 이범호, 버나디나, 김주찬, 최형우, 나지완, 김민식, 이명기",LG,2,차우찬,"김용의, 히메네스, 박용택, 양석환, 채은성, 오지환, 유강남, 손주인, 이병규"
246,DOOSAN,1,니퍼트,"민병헌, 김재환, 양의지, 박건우, 최주환, 허경민, 에반스, 신성현, 오재일",NC,2,구창모,"이종욱, 나성범, 권희동, 손시헌, 김태군, 이상호, 스크럭스, 모창민, 박석민"
247,SK,2,문승원,"로맥, 정의윤, 박정권, 김성현, 한동민, 김동엽, 이재원, 조용호, 노수광",SAMSUNG,8,윤성환,"박해민, 김상수, 구자욱, 러프, 조동찬, 이원석, 이승엽, 김헌곤, 이지영"
248,NEXEN,4,신재영,"서건창, 윤석민, 김태완, 김하성, 이정후, 박정음, 김민성, 김재현, 강지광",HANHWA,8,배영수,"정근우, 송광민, 김태균, 양성우, 김경언, 로사리오, 장민석, 하주석, 최재훈"
249,LOTTE,9,송승준,"손아섭, 최준석, 강민호, 김문호, 번즈, 이대호, 문규현, 김동한, 나경민",KT,4,주권,"이대형, 오정복, 오태곤, 정현, 김사연, 박경수, 이진영, 심우준, 장성우"
250,KIA,8,팻딘,"버나디나, 이명기, 김주찬, 최형우, 나지완, 안치홍, 김민식, 이범호, 김선빈",LG,3,소사,"이형종, 김용의, 정성훈, 정상호, 박용택, 양석환, 히메네스, 손주인, 오지환"
251,DOOSAN,1,장원준,"민병헌, 최주환, 에반스, 양의지, 박건우, 오재일, 허경민, 김재환, 김재호",NC,2,해커,"이상호, 권희동, 모창민, 이종욱, 나성범, 스크럭스, 박석민, 손시헌, 김태군"
252,SK,2,박종훈,"조용호, 정진기, 한동민, 이홍구, 박정권, 나주환, 김성현, 김동엽, 로맥",SAMSUNG,5,페트릭,"박해민, 구자욱, 러프, 김상수, 이승엽, 박한이, 이원석, 백상원, 이지영"
253,NEXEN,8,브리검,"박정음, 서건창, 윤석민, 김태완, 김하성, 김민성, 고종욱, 김재현, 이정후",HANHWA,6,이태양,"김태균, 장민석, 로사리오, 양성우, 하주석, 김경언, 송광민, 정근우, 차일목"
254,LOTTE,11,박세웅,"강민호, 번즈, 이우민, 김문호, 문규현, 김동한, 손아섭, 이대호, 최준석",KT,4,로치,"이대형, 오정복, 하준호, 심우준, 유한준, 정현, 오태곤, 모넬, 윤요섭"
255,KIA,9,임기영,"이명기, 김주찬, 최형우, 김선빈, 버나디나, 나지완, 안치홍, 이범호, 김민식",LG,4,김대현,"임훈, 박용택, 히메네스, 양석환, 김용의, 오지환, 이형종, 채은성, 유강남"
256,DOOSAN,7,함덕주,"최주환, 양의지, 박건우, 김재호, 민병헌, 에반스, 김재환, 오재일, 허경민",NC,4,이민호,"이상호, 나성범, 스크럭스, 권희동, 이호준, 모창민, 김태군, 이종욱, 지석훈"
257,SK,4,켈리,"조용호, 김동엽, 김성현, 박승욱, 최정, 로맥, 한동민, 정의윤, 이재원",SAMSUNG,1,백정현,"김상수, 구자욱, 박해민, 러프, 이승엽, 김헌곤, 조동찬, 이원석, 이지영"
258,LG,4,허프,"정성훈, 히메네스, 양석환, 오지환, 채은성, 김용의, 유강남, 이형종, 손주인",LOTTE,9,레일리,"손아섭, 번즈, 이대호, 최준석, 김동한, 이우민, 신본기, 김사훈, 박헌도"
259,KIA,6,헥터,"버나디나, 김주찬, 최형우, 김선빈, 나지완, 안치홍, 이범호, 이명기, 서동욱",DOOSAN,7,박치국,"민병헌, 최주환, 김재환, 에반스, 박건우, 오재일, 류지혁, 허경민, 박세혁"
260,NC,1,최금강,"스크럭스, 이호준, 이상호, 권희동, 박광열, 이종욱, 이재율, 나성범, 박석민",SK,11,윤희상,"최정, 조용호, 한동민, 이홍구, 박승욱, 김성현, 로맥, 노수광, 정의윤"
261,HANHWA,2,오간도,"장민석, 하주석, 최재훈, 정근우, 김태균, 로사리오, 김회성, 김경언, 양성우",SAMSUNG,6,우규민,"김상수, 박해민, 러프, 이승엽, 이지영, 조동찬, 김헌곤, 구자욱, 강한울"
262,KT,3,고영표,"이대형, 박경수, 유한준, 이진영, 김동욱, 박기혁, 하준호, 장성우, 심우준",NEXEN,4,조상우,"박정음, 서건창, 윤석민, 김하성, 채태인, 이정후, 박동원, 고종욱, 김태완"
263,LG,3,임찬규,"히메네스, 양석환, 손주인, 이형종, 김용의, 오지환, 채은성, 유강남, 박용택",LOTTE,2,애디튼,"손아섭, 이대호, 이우민, 최준석, 번즈, 신본기, 김상호, 박헌도, 강민호"
264,KIA,0,양현종,"버나디나, 김선빈, 안치홍, 최형우, 이범호, 나지완, 김주형, 김호령, 김민식",DOOSAN,6,유희관,"민병헌, 에반스, 김재환, 최주환, 양의지, 박건우, 허경민, 김재호, 오재일"
265,NC,1,이재학,"모창민, 권희동, 나성범, 스크럭스, 박석민, 손시헌, 김태군, 김준완, 지석훈",SK,0,김태훈,"조용호, 최정, 김동엽, 김성현, 한동민, 박정권, 이재원, 로맥, 박승욱"
266,HANHWA,8,윤규진,"정근우, 김태균, 로사리오, 양성우, 이동훈, 하주석, 정현석, 송광민, 이종환",SAMSUNG,9,최지광,"박해민, 이원석, 김헌곤, 조동찬, 러프, 이승엽, 구자욱, 권정웅, 이지영"
267,KT,3,정성곤,"오태곤, 유민상, 박경수, 유한준, 오정복, 박기혁, 이해창, 김동욱, 정현",NEXEN,11,한현희,"박정음, 서건창, 윤석민, 이택근, 김하성, 김민성, 박동원, 고종욱, 채태인"
268,LG,4,차우찬,"히메네스, 양석환, 채은성, 유강남, 임훈, 박용택, 손주인, 김용의, 오지환",LOTTE,3,박진형,"손아섭, 이대호, 최준석, 번즈, 김동한, 강민호, 박헌도, 이우민, 신본기"
269,KIA,3,김진우,"버나디나, 김선빈, 나지완, 안치홍, 서동욱, 최형우, 이범호, 최원준, 김민식",DOOSAN,7,니퍼트,"민병헌, 양의지, 박건우, 오재일, 허경민, 최주환, 김재환, 김재호, 에반스"
270,NC,4,구창모,"스크럭스, 이종욱, 박민우, 나성범, 권희동, 모창민, 손시헌, 박석민, 지석훈",SK,9,문승원,"김성현, 한동민, 로맥, 이홍구, 이재원, 조용호, 최정, 박승욱, 최승준"
271,HANHWA,7,비야누에바,"장민석, 송광민, 하주석, 정근우, 김태균, 로사리오, 이성열, 강경학, 조인성",SAMSUNG,8,윤성환,"박해민, 러프, 강한울, 이승엽, 김헌곤, 구자욱, 이지영, 백상원, 조동찬"
272,KT,13,김사율,"이대형, 정현, 오태곤, 박경수, 유한준, 이해창, 이진영, 김동욱, 오정복",NEXEN,4,최원태,"김민성, 박정음, 서건창, 윤석민, 채태인, 이택근, 김하성, 김재현, 고종욱"
273,HANHWA,8,배영수,"장민석, 송광민, 김태균, 이성열, 하주석, 로사리오, 정근우, 조인성, 양성우",KIA,13,팻딘,"이명기, 이범호, 서동욱, 김민식, 버나디나, 최형우, 나지완, 안치홍, 김선빈"
274,SAMSUNG,3,페트릭,"구자욱, 러프, 이승엽, 최영진, 김상수, 김헌곤, 강한울, 이지영, 박해민",KT,12,피어밴드,"이대형, 정현, 유한준, 오정복, 장성우, 박기혁, 김동욱, 박경수, 오태곤"
275,NEXEN,4,신재영,"서건창, 윤석민, 채태인, 김웅빈, 이정후, 고종욱, 박정음, 김하성, 김재현",NC,15,해커,"이호준, 나성범, 스크럭스, 손시헌, 김태군, 박석민, 김준완, 박민우, 이상호"
276,LOTTE,7,김원중,"이우민, 손아섭, 강민호, 전준우, 번즈, 신본기, 김문호, 이대호, 김상호",SK,6,박종훈,"최정, 로맥, 조용호, 김성현, 한동민, 이재원, 김동엽, 박정권, 박승욱"
277,HANHWA,3,이태양,"하주석, 송광민, 장민석, 양성우, 정근우, 김태균, 로사리오, 이성열, 강경학",KIA,9,임기영,"이명기, 나지완, 안치홍, 버나디나, 김선빈, 김지성, 서동욱, 김민식, 최형우"
278,SAMSUNG,8,레나도,"조동찬, 김헌곤, 러프, 이지영, 구자욱, 김상수, 박한이, 이승엽, 강한울",KT,9,로치,"오정복, 김동욱, 이대형, 박경수, 장성우, 이해창, 오태곤, 정현, 박기혁"
279,NEXEN,4,브리검,"박정음, 윤석민, 김웅빈, 김민성, 이정후, 서건창, 김하성, 김규민, 장영석",NC,5,최금강,"박민우, 나성범, 스크럭스, 모창민, 박석민, 손시헌, 권희동, 김태군, 김준완"
280,LG,1,류제국,"박용택, 양석환, 오지환, 채은성, 이형종, 히메네스, 손주인, 정상호, 최재원",DOOSAN,2,함덕주,"박건우, 에반스, 김재환, 김재호, 허경민, 최주환, 양의지, 오재일, 조수행"
281,LOTTE,7,박세웅,"손아섭, 이우민, 전준우, 이대호, 최준석, 번즈, 김동한, 강민호, 신본기",SK,5,켈리,"조용호, 김성현, 최정, 한동민, 로맥, 나주환, 김동엽, 최승준, 이재원"
282,HANHWA,4,오간도,"장민석, 정근우, 김태균, 하주석, 송광민, 로사리오, 이성열, 양성우, 차일목",KIA,6,헥터,"이명기, 김민식, 김선빈, 최원준, 서동욱, 나지완, 안치홍, 고장혁, 오준혁"
283,SAMSUNG,6,우규민,"배영섭, 러프, 이승엽, 강한울, 김헌곤, 이지영, 조동찬, 최영진, 구자욱",KT,4,정대현,"이대형, 하준호, 김동욱, 정현, 박경수, 이해창, 오태곤, 심우준, 유한준"
284,NEXEN,3,조상우,"이택근, 박정음, 서건창, 김태완, 김하성, 김민성, 이정후, 박동원, 윤석민",NC,13,강윤구,"나성범, 권희동, 모창민, 김태군, 이종욱, 박민우, 스크럭스, 박석민, 손시헌"
285,LG,7,소사,"정상호, 김용의, 박용택, 양석환, 오지환, 이천웅, 정성훈, 임훈, 히메네스",DOOSAN,9,박치국,"에반스, 김재환, 오재일, 박건우, 민병헌, 김재호, 최주환, 오재원, 양의지"
286,LOTTE,17,레일리,"이우민, 김동한, 손아섭, 전준우, 최준석, 강민호, 번즈, 신본기, 김문호",SK,6,윤희상,"김성현, 김동엽, 한동민, 최승준, 이홍구, 조용호, 최정, 로맥, 나주환"
287,NC,5,이재학,"나성범, 박민우, 스크럭스, 모창민, 박석민, 손시헌, 김태군, 이종욱, 권희동",HANHWA,3,윤규진,"정근우, 송광민, 김태균, 로사리오, 하주석, 장민석, 이성열, 차일목, 양성우"
288,DOOSAN,3,유희관,"민병헌, 김재환, 에반스, 조수행, 최주환, 오재일, 양의지, 김재호, 허경민",KT,5,고영표,"이대형, 오정복, 이해창, 오태곤, 김동욱, 박경수, 유한준, 정현, 박기혁"
289,SK,6,김태훈,"김성현, 최정, 한동민, 김동엽, 정진기, 조용호, 이재원, 나주환, 로맥",LG,1,허프,"이형종, 김용의, 박용택, 채은성, 오지환, 히메네스, 손주인, 양석환, 유강남"
290,KIA,2,양현종,"버나디나, 이명기, 나지완, 최형우, 김지성, 안치홍, 서동욱, 김선빈, 김민식",LOTTE,8,애디튼,"최준석, 손아섭, 전준우, 번즈, 신본기, 김동한, 박헌도, 김상호, 김사훈"
291,NEXEN,18,한현희,"고종욱, 서건창, 김민성, 윤석민, 이택근, 이정후, 김하성, 허정협, 박동원",SAMSUNG,3,백정현,"박해민, 이승엽, 박한이, 구자욱, 조동찬, 백상원, 강한울, 러프, 이지영"
292,NC,1,구창모,"이종욱, 스크럭스, 모창민, 이상호, 김성욱, 박석민, 박민우, 손시헌, 권희동",HANHWA,6,안영명,"장민석, 송광민, 김태균, 이성열, 차일목, 양성우, 하주석, 정근우, 로사리오"
293,DOOSAN,10,니퍼트,"에반스, 박건우, 최주환, 류지혁, 민병헌, 김재환, 오재일, 허경민, 박세혁",KT,4,홍성용,"이대형, 오정복, 유한준, 김동욱, 심우준, 유민상, 김사연, 장성우, 정현"
294,SK,4,문승원,"김성현, 최정, 한동민, 로맥, 이재원, 조용호, 김동엽, 최승준, 나주환",LG,3,임찬규,"오지환, 히메네스, 김용의, 이천웅, 정성훈, 채은성, 박용택, 유강남, 손주인"
295,KIA,15,김진우,"버나디나, 이명기, 최형우, 서동욱, 김선빈, 최원준, 나지완, 안치홍, 김민식",LOTTE,7,박진형,"전준우, 손아섭, 이대호, 신본기, 이우민, 최준석, 강민호, 번즈, 김동한"
296,NEXEN,7,최원태,"허정협, 고종욱, 서건창, 윤석민, 채태인, 김하성, 김민성, 주효상, 이정후",SAMSUNG,4,최충연,"김헌곤, 박해민, 구자욱, 러프, 이승엽, 김상수, 강한울, 조동찬, 권정웅"
297,NC,1,해커,"김성욱, 박민우, 스크럭스, 권희동, 모창민, 박석민, 이종욱, 김준완, 지석훈",HANHWA,8,배영수,"장민석, 김태균, 로사리오, 양성우, 강경학, 이성열, 차일목, 송광민, 하주석"
298,DOOSAN,9,이현호,"최주환, 김재환, 에반스, 박건우, 허경민, 민병헌, 오재일, 박세혁, 김재호",KT,5,주권,"이대형, 오정복, 박경수, 유한준, 김동욱, 장성우, 심우준, 이해창, 정현"
299,SK,5,박종훈,"정진기, 김성현, 로맥, 한동민, 김동엽, 최승준, 이홍구, 나주환, 최정",LG,2,차우찬,"김용의, 이천웅, 오지환, 히메네스, 손주인, 박용택, 양석환, 채은성, 유강남"
300,KIA,8,팻딘,"버나디나, 안치홍, 최원준, 김민식, 이명기, 최형우, 서동욱, 나지완, 김호령",LOTTE,4,송승준,"손아섭, 김동한, 전준우, 이대호, 강민호, 번즈, 최준석, 신본기, 김문호"
301,NEXEN,2,김성민,"서건창, 윤석민, 채태인, 김하성, 고종욱, 허정협, 이정후, 김민성, 박동원",SAMSUNG,3,페트릭,"김헌곤, 박해민, 구자욱, 러프, 배영섭, 이지영, 강한울, 조동찬, 정병곤"
302,NC,7,최금강,"이종욱, 김성욱, 김태군, 박민우, 박석민, 모창민, 손시헌, 권희동, 지석훈",KIA,9,임기영,"버나디나, 나지완, 최형우, 이명기, 안치홍, 김선빈, 최원준, 김민식, 서동욱"
303,SAMSUNG,0,윤성환,"박해민, 러프, 김헌곤, 김상수, 이승엽, 이지영, 강한울, 구자욱, 박한이",LOTTE,1,박세웅,"손아섭, 이우민, 전준우, 최준석, 이대호, 강민호, 번즈, 김동한, 신본기"
304,HANHWA,5,이태양,"정근우, 장민석, 송광민, 로사리오, 이성열, 김태균, 하주석, 차일목, 양성우",DOOSAN,2,함덕주,"민병헌, 최주환, 에반스, 김재환, 박건우, 허경민, 오재일, 류지혁, 양의지"
305,KT,3,정성곤,"이대형, 이진영, 오정복, 오태곤, 심우준, 김동욱, 장성우, 정현, 유한준",SK,8,켈리,"조용호, 김동엽, 이재원, 김성현, 나주환, 최정, 로맥, 한동민, 김강민"
306,LG,1,류제국,"김용의, 이천웅, 박용택, 히메네스, 양석환, 채은성, 최재원, 손주인, 정상호",NEXEN,3,브리검,"고종욱, 서건창, 윤석민, 대니돈, 김하성, 김민성, 이정후, 허정협, 주효상"
307,NC,2,정수민,"김성욱, 이종욱, 박민우, 모창민, 박석민, 손시헌, 지석훈, 권희동, 김태군",KIA,10,헥터,"이명기, 안치홍, 최원준, 버나디나, 나지완, 김선빈, 고장혁, 김민식, 최형우"
308,SAMSUNG,11,레나도,"김상수, 박해민, 김헌곤, 나성용, 구자욱, 러프, 조동찬, 이지영, 정병곤",LOTTE,4,레일리,"손아섭, 번즈, 이대호, 강민호, 이우민, 전준우, 최준석, 정훈, 김동한"
309,HANHWA,3,오간도,"정근우, 송광민, 하주석, 장민석, 김태균, 이성열, 김원석, 로사리오, 김회성",DOOSAN,1,장원준,"민병헌, 최주환, 양의지, 박건우, 에반스, 오재일, 허경민, 류지혁, 김재환"
310,KT,2,류희운,"이대형, 김동욱, 오태곤, 정현, 심우준, 이해창, 하준호, 유한준, 오정복",SK,8,윤희상,"조용호, 김강민, 최정, 김동엽, 박정권, 김성현, 로맥, 이재원, 박승욱"
311,LG,5,소사,"박용택, 양석환, 김재율, 김용의, 백창수, 채은성, 손주인, 이천웅, 오지환",NEXEN,2,조상우,"윤석민, 고종욱, 김하성, 김웅빈, 김민성, 서건창, 대니돈, 이정후, 박동원"
312,NC,8,이재학,"이종욱, 김성욱, 스크럭스, 손시헌, 지석훈, 박민우, 모창민, 김태군, 권희동",KIA,7,양현종,"이명기, 나지완, 버나디나, 최형우, 김선빈, 최원준, 안치홍, 김민식, 고장혁"
313,SAMSUNG,13,우규민,"배영섭, 구자욱, 박해민, 조동찬, 김헌곤, 김상수, 강한울, 나성용, 이지영",LOTTE,2,애디튼,"손아섭, 김상호, 번즈, 이우민, 전준우, 이대호, 정훈, 김사훈, 김대륙"
314,HANHWA,6,윤규진,"정근우, 장민석, 김태균, 로사리오, 이성열, 송광민, 하주석, 차일목, 양성우",DOOSAN,8,유희관,"박건우, 김재환, 최주환, 양의지, 허경민, 김재호, 민병헌, 에반스, 오재일"
315,KT,4,고영표,"오정복, 정현, 이대형, 박경수, 장성우, 심우준, 이해창, 유한준, 오태곤",SK,10,다이아몬드,"정진기, 조용호, 최정, 한동민, 로맥, 나주환, 박정권, 이홍구, 김성현"
316,LG,6,허프,"김용의, 안익훈, 채은성, 박용택, 양석환, 오지환, 김재율, 조윤준, 손주인",NEXEN,1,한현희,"서건창, 김웅빈, 채태인, 허정협, 김민성, 박동원, 고종욱, 김하성, 이정후"
317,SAMSUNG,5,백정현,"구자욱, 배영섭, 박해민, 이승엽, 김헌곤, 김상수, 강한울, 조동찬, 이지영",KIA,1,김진우,"버나디나, 김선빈, 안치홍, 최형우, 나지완, 김주형, 이명기, 서동욱, 김민식"
318,LOTTE,8,김원중,"전준우, 손아섭, 박헌도, 이대호, 최준석, 강민호, 김동한, 번즈, 정훈",KT,11,김사율,"이대형, 장성우, 심우준, 박기혁, 박경수, 유한준, 이진영, 오정복, 김동욱"
319,LG,1,임찬규,"김용의, 백창수, 양석환, 채은성, 오지환, 박용택, 정상호, 최재원, 김재율",NC,4,구창모,"스크럭스, 모창민, 김성욱, 권희동, 박민우, 박석민, 지석훈, 김태군, 이종욱"
320,NEXEN,4,최원태,"고종욱, 윤석민, 김하성, 김웅빈, 이정후, 서건창, 허정협, 김민성, 대니돈",DOOSAN,15,니퍼트,"양의지, 에반스, 허경민, 박건우, 오재원, 국해성, 김재호, 최주환, 김재환"
321,HANHWA,5,장민재,"정근우, 송광민, 김태균, 양성우, 장민석, 이성열, 하주석, 로사리오, 차일목",SK,4,문승원,"김강민, 한동민, 로맥, 김동엽, 나주환, 이재원, 김성현, 조용호, 최정"
322,SAMSUNG,6,최지광,"박해민, 배영섭, 강한울, 구자욱, 조동찬, 김상수, 러프, 이지영, 김헌곤",KIA,5,팻딘,"버나디나, 이명기, 나지완, 안치홍, 김선빈, 김민식, 최형우, 서동욱, 김주형"
323,LOTTE,1,박진형,"손아섭, 박헌도, 최준석, 정훈, 전준우, 이대호, 강민호, 김동한, 신본기",KT,10,피어밴드,"이대형, 오태곤, 심우준, 오정복, 유한준, 김동욱, 박경수, 장성우, 박기혁"
324,LG,3,차우찬,"박용택, 오지환, 채은성, 김재율, 김용의, 이천웅, 양석환, 정상호, 손주인",NC,4,해커,"이종욱, 스크럭스, 박민우, 박석민, 모창민, 권희동, 김성욱, 지석훈, 김태군"
325,NEXEN,8,신재영,"이정후, 채태인, 김하성, 허정협, 김민성, 박동원, 고종욱, 서건창, 윤석민",DOOSAN,5,박치국,"김재호, 최주환, 민병헌, 국해성, 박건우, 김재환, 오재원, 박세혁, 오재일"
326,HANHWA,2,배영수,"정근우, 장민석, 송광민, 로사리오, 이성열, 하주석, 차일목, 김태균, 양성우",SK,5,박종훈,"김강민, 나주환, 김동엽, 이홍구, 김성현, 최정, 로맥, 박정권, 한동민"
327,SAMSUNG,3,윤성환,"박해민, 조동찬, 김상수, 강한울, 배영섭, 구자욱, 러프, 정병곤, 이지영",KIA,13,정용운,"버나디나, 이명기, 김선빈, 서동욱, 나지완, 안치홍, 최원준, 김민식, 신종길"
328,LOTTE,14,송승준,"이대호, 전준우, 강민호, 신본기, 최준석, 손아섭, 정훈, 이우민, 김동한",KT,8,주권,"김동욱, 이대형, 박경수, 유한준, 심우준, 장성우, 오태곤, 오정복, 박기혁"
329,LG,5,류제국,"이천웅, 양석환, 오지환, 채은성, 김재율, 손주인, 조윤준, 김용의, 안익훈",NC,6,이재학,"모창민, 스크럭스, 이종욱, 박민우, 권희동, 박석민, 김성욱, 지석훈, 김태군"
330,NEXEN,1,브리검,"김민성, 고종욱, 서건창, 윤석민, 이택근, 김하성, 허정협, 주효상, 유재신",DOOSAN,6,함덕주,"민병헌, 에반스, 양의지, 최주환, 김재환, 박건우, 김재호, 오재원, 국해성"
331,HANHWA,4,이태양,"정근우, 양성우, 송광민, 김태균, 로사리오, 이성열, 하주석, 이동훈, 차일목",SK,7,켈리,"나주환, 한동민, 최정, 로맥, 이재원, 김성현, 김동엽, 박승욱, 조용호"
332,DOOSAN,10,장원준,"오재일, 김재호, 민병헌, 에반스, 최주환, 양의지, 박건우, 오재원, 류지혁",SAMSUNG,12,레나도,"박해민, 이승엽, 김상수, 이지영, 구자욱, 러프, 김정혁, 조동찬, 배영섭"
333,SK,6,윤희상,"조용호, 이재원, 최정, 로맥, 한동민, 김동엽, 나주환, 김강민, 김성현",NEXEN,5,김성민,"이정후, 윤석민, 채태인, 김하성, 김민성, 서건창, 허정협, 고종욱, 박동원"
334,NC,4,이형범,"이종욱, 박민우, 스크럭스, 박석민, 지석훈, 이호준, 김준완, 김성욱, 김태군",LOTTE,5,박세웅,"최준석, 전준우, 강민호, 손아섭, 이대호, 김동한, 이우민, 신본기, 정훈"
335,KIA,7,임기영,"버나디나, 안치홍, 이명기, 나지완, 김선빈, 김민식, 서동욱, 최원준, 최형우",HANHWA,0,윤규진,"장민석, 송광민, 김태균, 로사리오, 이성열, 정근우, 양성우, 하주석, 허도환"
336,KT,7,로치,"박경수, 김동욱, 심우준, 이대형, 오정복, 이진영, 유한준, 이해창, 박기혁",LG,11,임찬규,"박용택, 양석환, 채은성, 김재율, 이천웅, 김용의, 오지환, 정상호, 손주인"
337,NC,12,최금강,"김준완, 이상호, 손시헌, 김태군, 모창민, 스크럭스, 권희동, 박석민, 김성욱",LOTTE,4,레일리,"손아섭, 정훈, 최준석, 전준우, 이대호, 강민호, 이우민, 황진수, 김동한"
338,DOOSAN,9,유희관,"정진호, 에반스, 오재원, 민병헌, 김재환, 양의지, 김재호, 최주환, 오재일",SAMSUNG,7,우규민,"박해민, 러프, 배영섭, 조동찬, 이승엽, 김정혁, 이지영, 구자욱, 정병곤"
339,SK,2,다이아몬드,"최정, 한동민, 조용호, 로맥, 박정권, 이재원, 노수광, 박승욱, 김동엽",NEXEN,6,한현희,"이정후, 윤석민, 김웅빈, 채태인, 김하성, 김민성, 박동원, 허정협, 이택근"
340,KIA,8,헥터,"버나디나, 이명기, 나지완, 최형우, 안치홍, 서동욱, 고장혁, 김민식, 김주형",HANHWA,4,장민재,"하주석, 김태균, 김경언, 장민석, 정근우, 송광민, 이성열, 김회성, 차일목"
341,KT,4,고영표,"이대형, 박경수, 오정복, 유한준, 심우준, 박기혁, 김동욱, 장성우, 남태혁",LG,5,허프,"안익훈, 박용택, 양석환, 오지환, 조윤준, 김재율, 이천웅, 채은성, 강승호"
342,NC,16,구창모,"김준완, 이상호, 모창민, 스크럭스, 권희동, 손시헌, 김성욱, 김태군, 박석민",LOTTE,0,애디튼,"김동한, 손아섭, 최준석, 이대호, 전준우, 김사훈, 박헌도, 정훈, 신본기"
343,DOOSAN,4,니퍼트,"에반스, 오재일, 정진호, 김재환, 양의지, 민병헌, 오재원, 김재호, 최주환",SAMSUNG,3,안성무,"강한울, 러프, 이승엽, 김정혁, 김상수, 박해민, 구자욱, 박한이, 권정웅"
344,SK,2,문승원,"김강민, 한동민, 로맥, 조용호, 최정, 김동엽, 박정권, 이재원, 박승욱",NEXEN,6,최원태,"이정후, 윤석민, 김하성, 김웅빈, 김민성, 허정협, 고종욱, 박동원, 채태인"
345,NC,6,해커,"이종욱, 모창민, 스크럭스, 권희동, 김성욱, 박석민, 박민우, 손시헌, 김태군",KT,5,피어밴드,"박경수, 유한준, 김동욱, 장성우, 심우준, 박기혁, 이대형, 하준호, 남태혁"
346,LOTTE,0,김원중,"손아섭, 최준석, 이대호, 전준우, 김동한, 박헌도, 황진수, 김대륙, 김사훈",DOOSAN,4,함덕주,"민병헌, 정진호, 김재환, 박건우, 박세혁, 에반스, 최주환, 김재호, 오재원"
347,LG,3,차우찬,"양석환, 오지환, 이천웅, 안익훈, 박용택, 채은성, 김재율, 조윤준, 강승호",SK,1,박종훈,"김강민, 나주환, 최정, 한동민, 로맥, 김동엽, 이홍구, 이재원, 김성현"
348,HANHWA,5,오간도,"정근우, 하주석, 송광민, 김태균, 로사리오, 이성열, 허도환, 장민석, 김경언",SAMSUNG,8,백정현,"박해민, 김상수, 구자욱, 김정혁, 러프, 이지영, 이승엽, 김헌곤, 강한울"
349,KIA,5,양현종,"버나디나, 이명기, 나지완, 최형우, 안치홍, 서동욱, 김민식, 최원준, 김선빈",NEXEN,7,신재영,"김하성, 고종욱, 이정후, 윤석민, 김민성, 이택근, 김웅빈, 허정협, 채태인"
350,NC,4,이재학,"이종욱, 박민우, 이상호, 김준완, 모창민, 권희동, 손시헌, 김태군, 박석민",KT,1,주권,"이대형, 유한준, 김동욱, 심우준, 하준호, 오정복, 이해창, 박경수, 정현"
351,LOTTE,7,송승준,"전준우, 손아섭, 최준석, 이대호, 강민호, 김문호, 신본기, 황진수, 김동한",DOOSAN,6,이현호,"박건우, 정진호, 김재환, 최주환, 에반스, 국해성, 양의지, 류지혁, 민병헌"
352,LG,3,류제국,"김용의, 이천웅, 박용택, 양석환, 강승호, 정상호, 손주인, 채은성, 김재율",SK,4,켈리,"노수광, 한동민, 로맥, 김동엽, 정의윤, 나주환, 최정, 이재원, 박승욱"
353,HANHWA,10,배영수,"김태균, 정근우, 하주석, 로사리오, 장민석, 김경언, 송광민, 양성우, 차일목",SAMSUNG,2,페트릭,"박해민, 구자욱, 러프, 이승엽, 김정혁, 김상수, 김헌곤, 강한울, 이지영"
354,KIA,4,팻딘,"이명기, 안치홍, 버나디나, 김주찬, 최형우, 서동욱, 이범호, 김선빈, 김민식",NEXEN,8,브리검,"고종욱, 김하성, 이정후, 이택근, 김민성, 주효상, 윤석민, 채태인, 김지수"
355,NC,5,이형범,"모창민, 이종욱, 지석훈, 박석민, 권희동, 김종민, 이재율, 박민우, 손시헌",KT,0,정성곤,"하준호, 박경수, 유한준, 김동욱, 이진영, 장성우, 정현, 남태혁, 심우준"
356,LOTTE,7,박시영,"전준우, 이대호, 강민호, 손아섭, 최준석, 김문호, 정훈, 김대륙, 신본기",DOOSAN,4,장원준,"정진호, 민병헌, 김재환, 양의지, 박건우, 최주환, 김재호, 에반스, 허경민"
357,LG,19,소사,"백창수, 양석환, 정성훈, 이형종, 조윤준, 손주인, 오지환, 박용택, 채은성",SK,1,김태훈,"노수광, 로맥, 김동엽, 정의윤, 나주환, 이홍구, 김성현, 한동민, 정진기"
358,HANHWA,4,비야누에바,"장민석, 로사리오, 정근우, 이성열, 김태균, 하주석, 김경언, 차일목, 오선진",SAMSUNG,7,레나도,"이승엽, 조동찬, 김정혁, 박해민, 우동균, 러프, 구자욱, 김상수, 이지영"
359,KIA,6,정용운,"김선빈, 버나디나, 이명기, 최형우, 서동욱, 안치홍, 한승택, 나지완, 이범호",NEXEN,2,밴헤켄,"서건창, 윤석민, 김하성, 이택근, 채태인, 김민성, 고종욱, 이정후, 박동원"
360,SK,8,다이아몬드,"정진기, 한동민, 김동엽, 나주환, 김강민, 최정, 로맥, 이재원, 박승욱",HANHWA,11,이태양,"하주석, 송광민, 김태균, 장민석, 정근우, 로사리오, 이성열, 김원석, 차일목"
361,LOTTE,7,박세웅,"나경민, 이대호, 김문호, 강민호, 전준우, 황진수, 손아섭, 정훈, 김동한",KIA,10,박진태,"버나디나, 나지완, 이범호, 이명기, 최형우, 서동욱, 김민식, 김선빈, 안치홍"
362,SAMSUNG,4,윤성환,"구자욱, 러프, 조동찬, 김정혁, 박해민, 김헌곤, 이지영, 이승엽, 김상수",KT,0,로치,"오정복, 박경수, 유한준, 김동욱, 심우준, 이대형, 이해창, 오태곤, 이진영"
363,DOOSAN,7,유희관,"민병헌, 박건우, 최주환, 허경민, 김재호, 정진호, 김재환, 박세혁, 에반스",LG,4,임찬규,"이천웅, 양석환, 정성훈, 오지환, 채은성, 정상호, 강승호, 이형종, 김용의"
364,NEXEN,5,한현희,"윤석민, 서건창, 김하성, 고종욱, 김민성, 김웅빈, 박동원, 허정협, 이정후",NC,14,최금강,"권희동, 김성욱, 손시헌, 이종욱, 지석훈, 모창민, 김태군, 박석민, 박민우"
365,SK,6,문승원,"정진기, 한동민, 최정, 로맥, 정의윤, 나주환, 박정권, 이재원, 박승욱",HANHWA,3,윤규진,"정근우, 이성열, 김경언, 송광민, 양성우, 로사리오, 차일목, 하주석, 김태균"
366,LOTTE,3,김유영,"최준석, 이대호, 강민호, 나경민, 전준우, 김대륙, 신본기, 손아섭, 황진수",KIA,6,헥터,"이명기, 버나디나, 김주찬, 최형우, 안치홍, 이범호, 나지완, 김민식, 김선빈"
367,SAMSUNG,5,우규민,"박해민, 구자욱, 러프, 이승엽, 조동찬, 김정혁, 이지영, 강한울, 박한이",KT,7,고영표,"이대형, 박경수, 이진영, 이해창, 정현, 하준호, 로하스, 김동욱, 심우준"
368,DOOSAN,1,니퍼트,"민병헌, 박건우, 김재환, 최주환, 오재일, 김재호, 에반스, 허경민, 박세혁",LG,5,허프,"양석환, 이천웅, 손주인, 박용택, 채은성, 정성훈, 오지환, 조윤준, 김용의"
369,NEXEN,8,최원태,"이정후, 이택근, 서건창, 김하성, 윤석민, 고종욱, 김민성, 박동원, 허정협",NC,4,구창모,"모창민, 권희동, 이종욱, 김성욱, 박민우, 박석민, 이상호, 손시헌, 강진성"
370,SK,4,박종훈,"노수광, 최정, 한동민, 나주환, 박정권, 이성우, 정진기, 김성현, 로맥",HANHWA,3,김재영,"정근우, 장민석, 이성열, 송광민, 로사리오, 김경언, 양성우, 강경학, 허도환"
371,LOTTE,5,김원중,"손아섭, 이대호, 강민호, 김동한, 최준석, 김상호, 신본기, 전준우, 김대륙",KIA,7,양현종,"안치홍, 서동욱, 이범호, 김주찬, 한승택, 김선빈, 버나디나, 최형우, 이명기"
372,SAMSUNG,6,김대우,"박해민, 김정혁, 이원석, 이지영, 김헌곤, 구자욱, 강한울, 러프, 조동찬",KT,2,피어밴드,"이대형, 박경수, 로하스, 김동욱, 장성우, 유한준, 심우준, 하준호, 오정복"
373,DOOSAN,6,함덕주,"민병헌, 박건우, 김재환, 최주환, 오재일, 박세혁, 오재원, 에반스, 김재호",LG,12,차우찬,"박용택, 채은성, 오지환, 조윤준, 이형종, 양석환, 김재율, 백창수, 손주인"
374,NEXEN,8,신재영,"김웅빈, 서건창, 윤석민, 고종욱, 이정후, 김하성, 김민성, 임병욱, 박동원",NC,9,해커,"이상호, 박석민, 김준완, 권희동, 박민우, 모창민, 손시헌, 김성욱, 김태군"
375,KT,14,주권,"이대형, 이진영, 로하스, 유한준, 김동욱, 심우준, 정현, 이해창, 박경수",HANHWA,15,배영수,"이성열, 김경언, 하주석, 로사리오, 정근우, 송광민, 양성우, 장민석, 차일목"
376,KIA,8,팻딘,"김주찬, 서동욱, 나지완, 이명기, 최형우, 안치홍, 김선빈, 버나디나, 김민식",LG,9,류제국,"이형종, 양석환, 김재율, 오지환, 박용택, 유강남, 손주인, 채은성, 백창수"
377,NEXEN,2,브리검,"이택근, 김하성, 김민성, 이정후, 서건창, 고종욱, 허정협, 윤석민, 주효상",LOTTE,1,노경은,"전준우, 손아섭, 최준석, 김상호, 김문호, 김동한, 신본기, 노경은, 김사훈"
378,DOOSAN,5,이영하,"박건우, 김재환, 정진호, 오재원, 최주환, 오재일, 박세혁, 김민혁, 민병헌",NC,11,이재학,"김준완, 이종욱, 모창민, 김성욱, 김태군, 박석민, 권희동, 박민우, 손시헌"
379,SAMSUNG,1,페트릭,"박해민, 구자욱, 이승엽, 김정혁, 이원석, 김헌곤, 강한울, 권정웅, 러프",SK,2,켈리,"노수광, 정진기, 한동민, 로맥, 나주환, 이재원, 김강민, 김성현, 최정"
380,KT,1,정성곤,"로하스, 유한준, 오정복, 이진영, 김동욱, 장성우, 정현, 오태곤, 심우준",HANHWA,9,비야누에바,"하주석, 송광민, 김경언, 정근우, 로사리오, 최재훈, 이성열, 김원석, 강경학"
381,KIA,4,정용운,"이명기, 김주찬, 버나디나, 안치홍, 최형우, 신종길, 김선빈, 이범호, 한승택",LG,3,소사,"정성훈, 이형종, 박용택, 양석환, 오지환, 이천웅, 채은성, 손주인, 조윤준"
382,NEXEN,8,밴헤켄,"이정후, 고종욱, 김하성, 김민성, 박윤, 윤석민, 박동원, 서건창, 허정협",LOTTE,2,박시영,"이대호, 김상호, 전준우, 최준석, 강민호, 손아섭, 김민수, 김대륙, 신본기"
383,DOOSAN,14,장원준,"최주환, 김재환, 오재일, 오재원, 에반스, 류지혁, 민병헌, 박건우, 양의지",NC,4,이형범,"박석민, 모창민, 김성욱, 김종민, 이종욱, 권희동, 조평호, 김준완, 박민우"
384,SAMSUNG,10,레나도,"이원석, 구자욱, 러프, 박해민, 이승엽, 이지영, 김헌곤, 김정혁, 조동찬",SK,14,윤희상,"노수광, 로맥, 나주환, 최정, 한동민, 박승욱, 김동엽, 박정권, 이재원"
385,KT,5,김사율,"이대형, 하준호, 로하스, 유한준, 김동욱, 오태곤, 심우준, 박경수, 이해창",HANHWA,13,이태양,"하주석, 로사리오, 이성열, 강경학, 장민석, 송광민, 김경언, 최재훈, 김원석"
386,KIA,8,박진태,"버나디나, 김선빈, 최형우, 나지완, 서동욱, 이명기, 이범호, 김민식, 안치홍",LG,16,임찬규,"이천웅, 양석환, 유강남, 손주인, 박용택, 이형종, 강승호, 채은성, 김용의"
387,NEXEN,14,금민철,"이정후, 서건창, 김민성, 윤석민, 박동원, 이택근, 김하성, 허정협, 고종욱",LOTTE,3,레일리,"손아섭, 이대호, 최준석, 황진수, 전준우, 김주현, 강민호, 김민수, 김대륙"
388,DOOSAN,13,유희관,"오재원, 박건우, 김재환, 양의지, 민병헌, 최주환, 에반스, 오재일, 류지혁",NC,11,장현식,"이종욱, 박석민, 모창민, 권희동, 손시헌, 김성욱, 김태군, 이상호, 박민우"
389,SAMSUNG,7,윤성환,"박해민, 김성윤, 구자욱, 조동찬, 러프, 이승엽, 이원석, 이지영, 김정혁",SK,5,다이아몬드,"최정, 한동민, 김강민, 로맥, 나주환, 이재원, 박정권, 정진기, 정의윤"
390,KT,2,고영표,"이대형, 이진영, 박경수, 로하스, 유한준, 김동욱, 김연훈, 장성우, 심우준",LOTTE,10,박세웅,"이우민, 강민호, 황진수, 손아섭, 전준우, 이대호, 김문호, 신본기, 김민수"
391,SK,7,문승원,"정진기, 로맥, 한동민, 김동엽, 나주환, 이재원, 김성현, 박정권, 최정",NC,1,이형범,"이종욱, 모창민, 박민우, 강진성, 권희동, 손시헌, 김태군, 김준완, 윤병호"
392,LG,5,허프,"박용택, 양석환, 이천웅, 이형종, 오지환, 유강남, 손주인, 정성훈, 안익훈",SAMSUNG,3,우규민,"김헌곤, 구자욱, 러프, 이승엽, 이원석, 김정혁, 강한울, 박해민, 이지영"
393,HANHWA,6,윤규진,"정근우, 하주석, 양성우, 최재훈, 오선진, 이성열, 로사리오, 김경언, 장민석",NEXEN,5,최원태,"이정후, 윤석민, 서건창, 김하성, 김민성, 고종욱, 김태완, 허정협, 박동원"
394,KT,4,피어밴드,"로하스, 유한준, 심우준, 박경수, 김연훈, 오태곤, 이진영, 이대형, 장성우",LOTTE,10,송승준,"전준우, 이대호, 강민호, 김문호, 이우민, 황진수, 신본기, 최준석, 김민수"
395,SK,1,박종훈,"정진기, 한동민, 최정, 김동엽, 나주환, 로맥, 김강민, 김성현, 이재원",NC,2,해커,"박민우, 권희동, 이종욱, 조영훈, 모창민, 손시헌, 이상호, 나성범, 지석훈"
396,KIA,20,헥터,"이범호, 나지완, 김주찬, 버나디나, 안치홍, 김민식, 이명기, 최형우, 김선빈",DOOSAN,8,니퍼트,"최주환, 김재환, 에반스, 류지혁, 오재원, 박건우, 오재일, 양의지, 민병헌"
397,LG,3,차우찬,"이형종, 박용택, 오지환, 김재율, 양석환, 이천웅, 유강남, 손주인, 안익훈",SAMSUNG,10,김대우,"박해민, 러프, 김헌곤, 구자욱, 조동찬, 이원석, 김정혁, 강한울, 이지영"
398,HANHWA,5,김재영,"하주석, 이성열, 로사리오, 김태균, 김태연, 양성우, 최재훈, 정근우, 김경언",NEXEN,6,신재영,"고종욱, 김하성, 이정후, 서건창, 김민성, 임병욱, 박동원, 윤석민, 김웅빈"
399,KT,10,류희운,"심우준, 유한준, 박경수, 이진영, 로하스, 전민수, 오태곤, 이해창, 정현",LOTTE,3,노경은,"손아섭, 최준석, 전준우, 김문호, 이대호, 강민호, 황진수, 신본기, 김상호"
400,SK,13,켈리,"나주환, 로맥, 최정, 한동민, 노수광, 김동엽, 정의윤, 이재원, 박승욱",NC,6,이재학,"김성욱, 박민우, 나성범, 모창민, 강진성, 조영훈, 이상호, 지석훈, 김종민"
401,KIA,11,양현종,"이명기, 김주찬, 안치홍, 김선빈, 최형우, 나지완, 버나디나, 이범호, 한승택",DOOSAN,5,함덕주,"최주환, 박건우, 오재원, 김재환, 오재일, 에반스, 류지혁, 양의지, 민병헌"
402,LG,1,류제국,"이형종, 이천웅, 박용택, 채은성, 오지환, 양석환, 정성훈, 강승호, 유강남",SAMSUNG,5,레나도,"박해민, 구자욱, 러프, 이승엽, 이원석, 강한울, 권정웅, 김헌곤, 김정혁"
403,HANHWA,13,배영수,"하주석, 로사리오, 이성열, 정근우, 김태균, 김경언, 최재훈, 김태연, 양성우",NEXEN,12,브리검,"김하성, 이정후, 서건창, 김민성, 김태완, 임병욱, 박동원, 고종욱, 윤석민"
404,SAMSUNG,5,페트릭,"박해민, 김헌곤, 조동찬, 강한울, 러프, 이승엽, 이원석, 권정웅, 구자욱",HANHWA,3,비야누에바,"정근우, 하주석, 김태균, 최재훈, 이성열, 장민석, 로사리오, 김경언, 김태연"
405,NC,4,구창모,"박민우, 지석훈, 손시헌, 윤병호, 나성범, 모창민, 김태군, 이상호, 김성욱",KIA,1,팻딘,"이명기, 버나디나, 최형우, 안치홍, 나지완, 김선빈, 이범호, 김주찬, 김민식"
406,SK,4,다이아몬드,"김강민, 최정, 김동엽, 나주환, 로맥, 정의윤, 박승욱, 한동민, 이성우",KT,2,정성곤,"로하스, 유한준, 장성우, 심우준, 박경수, 오태곤, 이대형, 남태혁, 정현"
407,NEXEN,8,밴헤켄,"이정후, 김웅빈, 서건창, 김하성, 김민성, 윤석민, 고종욱, 허정협, 박동원",LG,3,소사,"이형종, 박용택, 양석환, 정성훈, 채은성, 이천웅, 오지환, 유강남, 손주인"
408,DOOSAN,9,장원준,"오재원, 박건우, 최주환, 오재일, 류지혁, 김재환, 양의지, 민병헌, 정진호",LOTTE,1,박시영,"전준우, 신본기, 황진수, 문규현, 김사훈, 손아섭, 이대호, 최준석, 김문호"
409,SAMSUNG,8,윤성환,"박해민, 김헌곤, 구자욱, 러프, 이승엽, 조동찬, 이원석, 강한울, 이지영",HANHWA,2,이태양,"장민석, 하주석, 로사리오, 김태균, 최재훈, 김태연, 양성우, 정근우, 이성열"
410,NC,6,장현식,"박민우, 지석훈, 이종욱, 이상호, 나성범, 조영훈, 김성욱, 김태군, 권희동",KIA,1,정용운,"이명기, 버나디나, 서동욱, 이범호, 김주찬, 안치홍, 김선빈, 최형우, 김민식"
411,SK,2,윤희상,"로맥, 이재원, 김성현, 노수광, 정진기, 한동민, 나주환, 김강민, 김동엽",KT,1,배제성,"로하스, 유한준, 심우준, 이진영, 박경수, 김동욱, 정현, 하준호, 이해창"
412,NEXEN,2,금민철,"이정후, 고종욱, 김민성, 김하성, 채태인, 임병욱, 서건창, 허정협, 이택근",LG,8,임찬규,"이형종, 양석환, 채은성, 박용택, 유강남, 백창수, 정성훈, 오지환, 손주인"
413,DOOSAN,4,유희관,"최주환, 박건우, 김재환, 민병헌, 에반스, 류지혁, 오재원, 양의지, 국해성",LOTTE,8,레일리,"손아섭, 전준우, 이대호, 김상호, 김문호, 문규현, 강민호, 신본기, 김대륙"
414,SAMSUNG,7,우규민,"박해민, 구자욱, 이승엽, 조동찬, 이원석, 러프, 강한울, 김헌곤, 이지영",HANHWA,7,윤규진,"정근우, 김경언, 하주석, 김태균, 로사리오, 양성우, 최재훈, 이성열, 강경학"
415,NC,9,강윤구,"권희동, 이상호, 김태군, 이종욱, 나성범, 조영훈, 지석훈, 윤병호, 박민우",KIA,6,임기준,"버나디나, 최형우, 김주찬, 나지완, 이명기, 안치홍, 이범호, 김민식, 김선빈"
416,SK,7,김태훈,"정진기, 나주환, 이재원, 최항, 김성현, 최정, 한동민, 로맥, 박정권",KT,6,로치,"로하스, 박경수, 정현, 장성우, 심우준, 이대형, 김동욱, 오태곤, 박기혁"
417,NEXEN,4,윤영삼,"이정후, 서건창, 김민성, 이택근, 김하성, 허정협, 고종욱, 윤석민, 김웅빈",LG,2,허프,"이형종, 이천웅, 박용택, 양석환, 정성훈, 채은성, 유강남, 오지환, 손주인"
418,DOOSAN,2,이영하,"최주환, 오재원, 박건우, 김재환, 오재일, 에반스, 류지혁, 국해성, 양의지",LOTTE,4,박세웅,"김문호, 전준우, 손아섭, 이대호, 강민호, 신본기, 문규현, 김상호, 황진수"
419,HANHWA,4,김재영,"정근우, 로사리오, 이성열, 최재훈, 하주석, 김태균, 최진행, 김원석, 김태연",KT,1,피어밴드,"이대형, 유한준, 오태곤, 이진영, 로하스, 박경수, 심우준, 장성우, 박기혁"
420,LOTTE,11,송승준,"전준우, 황진수, 손아섭, 김문호, 이대호, 신본기, 강민호, 김상호, 김사훈",LG,10,차우찬,"양석환, 이천웅, 채은성, 정성훈, 박용택, 오지환, 이형종, 조윤준, 안익훈"
421,DOOSAN,1,니퍼트,"오재원, 박건우, 정진호, 에반스, 김재환, 최주환, 오재일, 박세혁, 류지혁",SK,5,박종훈,"나주환, 정진기, 최정, 로맥, 정의윤, 박정권, 이재원, 한동민, 김성현"
422,KIA,11,양현종,"이명기, 안치홍, 나지완, 김주찬, 버나디나, 이범호, 김선빈, 최형우, 김민식",SAMSUNG,4,레나도,"김헌곤, 구자욱, 박해민, 러프, 이원석, 강한울, 조동찬, 이지영, 권정웅"
423,NC,7,해커,"박민우, 김준완, 이상호, 나성범, 조영훈, 모창민, 권희동, 지석훈, 김태군",NEXEN,2,신재영,"서건창, 김태완, 김하성, 허정협, 이정후, 김민성, 고종욱, 박동원, 김웅빈"
424,HANHWA,4,배영수,"정근우, 하주석, 김태균, 로사리오, 양성우, 허도환, 이성열, 김원석, 김경언",KT,5,고영표,"전민수, 박경수, 정현, 로하스, 심우준, 이해창, 이진영, 유한준, 김동욱"
425,LOTTE,9,애디튼,"손아섭, 김문호, 황진수, 전준우, 이대호, 신본기, 강민호, 이우민, 문규현",LG,9,류제국,"박용택, 채은성, 유강남, 이천웅, 양석환, 손주인, 이형종, 정성훈, 강승호"
426,DOOSAN,0,함덕주,"최주환, 류지혁, 에반스, 김재환, 오재일, 박건우, 허경민, 국해성, 박세혁",SK,3,켈리,"나주환, 로맥, 최정, 김동엽, 한동민, 정의윤, 김성현, 김강민, 이재원"
427,KIA,13,헥터,"김주찬, 최형우, 이명기, 안치홍, 서동욱, 버나디나, 김민식, 김선빈, 최원준",SAMSUNG,4,김대우,"박해민, 김헌곤, 구자욱, 이승엽, 조동찬, 이원석, 강한울, 러프, 이지영"
428,NC,9,이재학,"박민우, 모창민, 이상호, 조영훈, 손시헌, 이종욱, 나성범, 권희동, 김태군",NEXEN,3,브리검,"고종욱, 이정후, 서건창, 김하성, 김민성, 윤석민, 허정협, 임병욱, 이택근"
429,HANHWA,8,김범수,"로사리오, 양성우, 정근우, 하주석, 김태균, 이성열, 김경언, 김원석, 최재훈",KT,5,류희운,"로하스, 박경수, 유한준, 정현, 박기혁, 이해창, 심우준, 전민수, 남태혁"
430,DOOSAN,6,장원준,"박건우, 김재환, 최주환, 에반스, 김재호, 오재일, 박세혁, 류지혁, 정진호",SK,3,문승원,"나주환, 정의윤, 한동민, 김동엽, 이재원, 노수광, 박정권, 최정, 최항"
431,KIA,22,팻딘,"이명기, 안치홍, 김주찬, 버나디나, 최형우, 서동욱, 김선빈, 이범호, 김민식",SAMSUNG,1,페트릭,"배영섭, 김헌곤, 구자욱, 러프, 이승엽, 김정혁, 권정웅, 조동찬, 이원석"
432,LG,6,소사,"이형종, 백창수, 박용택, 양석환, 채은성, 유강남, 정성훈, 강승호, 오지환",KIA,10,정용운,"김주찬, 최형우, 이명기, 버나디나, 안치홍, 김선빈, 서동욱, 이범호, 김민식"
433,LOTTE,9,레일리,"손아섭, 전준우, 이대호, 강민호, 신본기, 김문호, 최준석, 황진수, 문규현",NC,0,장현식,"박민우, 나성범, 모창민, 권희동, 이종욱, 이상호, 지석훈, 김태군, 윤병호"
434,HANHWA,13,강승현,"하주석, 로사리오, 김원석, 양성우, 정근우, 김태균, 이성열, 임익준, 허도환",DOOSAN,8,유희관,"박건우, 에반스, 오재일, 허경민, 박세혁, 김재호, 정진호, 김재환, 최주환"
435,SK,7,다이아몬드,"노수광, 정의윤, 로맥, 나주환, 이성우, 한동민, 최정, 박정권, 최항",SAMSUNG,5,윤성환,"김헌곤, 이승엽, 박해민, 러프, 강한울, 구자욱, 이원석, 이성규, 이지영"
436,KT,5,정성곤,"심우준, 로하스, 박경수, 오태곤, 이대형, 남태혁, 김동욱, 장성우, 박기혁",NEXEN,9,금민철,"서건창, 김하성, 윤석민, 허정협, 박동원, 이정후, 김민성, 채태인, 고종욱"
437,LG,4,허프,"이형종, 박용택, 양석환, 채은성, 강승호, 백창수, 정성훈, 유강남, 손주인",KIA,10,임기준,"나지완, 이범호, 이명기, 버나디나, 최형우, 김선빈, 김주찬, 김민식, 김지성"
438,LOTTE,9,박세웅,"이대호, 손아섭, 김문호, 전준우, 황진수, 문규현, 이우민, 신본기, 강민호",NC,5,최금강,"나성범, 박민우, 모창민, 조영훈, 이종욱, 박석민, 권희동, 손시헌, 김태군"
439,HANHWA,9,윤규진,"정근우, 하주석, 김태균, 양성우, 김원석, 최재훈, 로사리오, 이성열, 임익준",DOOSAN,3,이영하,"정진호, 최주환, 박건우, 오재일, 허경민, 김재환, 에반스, 박세혁, 국해성"
440,SK,4,윤희상,"노수광, 정진기, 한동민, 박정권, 나주환, 김동엽, 김성현, 최정, 이재원",SAMSUNG,7,우규민,"구자욱, 박해민, 김헌곤, 이승엽, 이원석, 강한울, 러프, 조동찬, 나원탁"
441,LG,4,임찬규,"백창수, 강승호, 정성훈, 유강남, 양석환, 이천웅, 김재율, 손주인, 이형종",KIA,13,양현종,"김주찬, 버나디나, 나지완, 김선빈, 이명기, 최형우, 이범호, 김민식, 서동욱"
442,LOTTE,2,김원중,"손아섭, 이대호, 강민호, 이우민, 신본기, 김문호, 황진수, 문규현, 전준우",NC,1,해커,"박민우, 모창민, 권희동, 손시헌, 이종욱, 나성범, 박석민, 조영훈, 김태군"
443,SK,6,박종훈,"노수광, 나주환, 최정, 한동민, 김동엽, 박정권, 이재원, 최항, 김성현",SAMSUNG,5,레나도,"박해민, 김헌곤, 러프, 조동찬, 구자욱, 이승엽, 이원석, 이지영, 강한울"
444,KT,1,로치,"심우준, 이대형, 로하스, 박경수, 이해창, 정현, 하준호, 오태곤, 김동욱",NEXEN,5,김성민,"이정후, 서건창, 김민성, 윤석민, 임병욱, 박동원, 김태완, 김하성, 고종욱"
445,NEXEN,7,브리검,"채태인, 박윤, 이정후, 서건창, 허정협, 주효상, 김하성, 김민성, 임병욱",HANHWA,5,김재영,"정근우, 하주석, 김태균, 이성열, 양성우, 김경언, 로사리오, 최재훈, 강경학"
446,SK,6,켈리,"노수광, 나주환, 로맥, 정의윤, 김성현, 최정, 한동민, 최항, 김동엽",KIA,15,헥터,"이명기, 나지완, 서동욱, 김선빈, 최형우, 안치홍, 이범호, 김민식, 버나디나"
447,DOOSAN,8,보우덴,"허경민, 박건우, 김재환, 에반스, 오재일, 김재호, 오재원, 박세혁, 정진호",KT,1,피어밴드,"심우준, 로하스, 유한준, 오태곤, 이대형, 박경수, 장성우, 박기혁, 전민수"
448,SAMSUNG,4,백정현,"러프, 박해민, 김성윤, 구자욱, 이승엽, 조동찬, 이원석, 이지영, 강한울",LOTTE,2,송승준,"손아섭, 김문호, 이대호, 최준석, 문규현, 전준우, 강민호, 신본기, 황진수"
449,NEXEN,12,밴헤켄,"이정후, 서건창, 김하성, 김민성, 채태인, 윤석민, 고종욱, 박동원, 이택근",HANHWA,7,배영수,"정근우, 김태균, 로사리오, 이성열, 하주석, 최진행, 김원석, 최재훈, 임익준"
450,SK,18,다이아몬드,"정의윤, 노수광, 나주환, 최정, 한동민, 김동엽, 로맥, 이재원, 김성현",KIA,17,팻딘,"이명기, 김주찬, 안치홍, 나지완, 버나디나, 이범호, 최형우, 최원준, 김지성"
451,DOOSAN,3,장원준,"박건우, 오재일, 김재호, 박세혁, 정진호, 오재원, 김재환, 최주환, 허경민",KT,1,고영표,"심우준, 로하스, 박경수, 유한준, 오태곤, 이해창, 김동욱, 박기혁, 이진영"
452,NC,5,구창모,"이호준, 이종욱, 박석민, 모창민, 박민우, 김성욱, 권희동, 손시헌, 김태군",LG,12,차우찬,"강승호, 박용택, 양석환, 이형종, 채은성, 정상호, 백창수, 정성훈, 오지환"
453,SAMSUNG,6,페트릭,"박해민, 배영섭, 이승엽, 강한울, 구자욱, 러프, 이원석, 조동찬, 나원탁",LOTTE,5,애디튼,"김문호, 이대호, 강민호, 손아섭, 전준우, 황진수, 신본기, 문규현, 김상호"
454,NEXEN,13,최원태,"이정후, 이택근, 윤석민, 김민성, 서건창, 채태인, 김하성, 고종욱, 박동원",HANHWA,6,장민재,"로사리오, 하주석, 김태균, 이성열, 강경학, 양성우, 송광민, 김경언, 최재훈"
455,SK,3,문승원,"정의윤, 한동민, 김동엽, 김성현, 나주환, 최정, 이성우, 노수광, 김강민",KIA,5,정용운,"김주찬, 서동욱, 김민식, 최원준, 이명기, 최형우, 이범호, 버나디나, 나지완"
456,SAMSUNG,2,윤성환,"배영섭, 박해민, 구자욱, 조동찬, 이원석, 러프, 김정혁, 정병곤, 이지영",LOTTE,4,레일리,"김문호, 손아섭, 전준우, 이대호, 강민호, 문규현, 이우민, 신본기, 김대륙"
457,NC,1,장현식,"박민우, 나성범, 이종욱, 모창민, 조영훈, 이호준, 권희동, 김태군, 박석민",DOOSAN,6,니퍼트,"오재원, 박건우, 오재일, 김재환, 에반스, 김재호, 박세혁, 허경민, 정진호"
458,LOTTE,5,박세웅,"전준우, 김문호, 손아섭, 이대호, 문규현, 신본기, 강민호, 이우민, 번즈",SK,6,윤희상,"정진기, 노수광, 최정, 한동민, 김성현, 나주환, 박정권, 이재원, 최항"
459,SAMSUNG,2,우규민,"박해민, 배영섭, 러프, 이승엽, 나원탁, 이원석, 이성규, 강한울, 구자욱",NEXEN,9,금민철,"서건창, 김민성, 이정후, 채태인, 김하성, 대니돈, 고종욱, 박동원, 이택근"
460,LG,3,류제국,"양석환, 강승호, 김재율, 백창수, 이천웅, 유강남, 오지환, 박용택, 안익훈",HANHWA,6,윤규진,"정근우, 로사리오, 이용규, 김태균, 송광민, 하주석, 양성우, 이성열, 최재훈"
461,KT,8,로치,"로하스, 심우준, 유한준, 윤석민, 오태곤, 장성우, 이진영, 박경수, 남태혁",KIA,20,양현종,"버나디나, 김민식, 최원준, 최정민, 최형우, 나지완, 서동욱, 이명기, 신종길"
462,LOTTE,6,김원중,"손아섭, 전준우, 번즈, 이대호, 신본기, 나경민, 김문호, 강민호, 황진수",SK,4,박종훈,"노수광, 최정, 한동민, 정의윤, 정진기, 나주환, 박정권, 이재원, 김성현"
463,SAMSUNG,8,레나도,"박해민, 러프, 강한울, 배영섭, 구자욱, 이승엽, 조동찬, 이원석, 이지영",NEXEN,10,김성민,"이정후, 서건창, 채태인, 김민성, 김하성, 이택근, 고종욱, 박동원, 대니돈"
464,LG,3,허프,"강승호, 박용택, 양석환, 김재율, 안익훈, 백창수, 이형종, 오지환, 유강남",HANHWA,2,김범수,"정근우, 이용규, 김태균, 로사리오, 송광민, 최진행, 김원석, 최재훈, 정경운"
465,NC,9,강윤구,"나성범, 손시헌, 이종욱, 김성욱, 이호준, 김태군, 박민우, 모창민, 박석민",DOOSAN,4,유희관,"오재원, 에반스, 박건우, 김재환, 박세혁, 김재호, 국해성, 오재일, 허경민"
466,LOTTE,0,송승준,"김문호, 전준우, 번즈, 이대호, 강민호, 최준석, 김동한, 손아섭, 신본기",SK,6,켈리,"나주환, 노수광, 로맥, 최정, 한동민, 정의윤, 김동엽, 이성우, 정진기"
467,SAMSUNG,7,백정현,"러프, 박해민, 구자욱, 이승엽, 이원석, 강한울, 박한이, 조동찬, 이지영",NEXEN,2,브리검,"서건창, 이택근, 김하성, 박윤, 이정후, 김민성, 고종욱, 박동원, 장영석"
468,SK,6,다이아몬드,"노수광, 정진기, 김동엽, 나주환, 로맥, 한동민, 이성우, 최정, 김성현",LG,1,임찬규,"강승호, 양석환, 백창수, 박용택, 이형종, 정성훈, 채은성, 유강남, 오지환"
469,HANHWA,4,김재영,"김태균, 정근우, 이용규, 송광민, 하주석, 로사리오, 최재훈, 이성열, 양성우",LOTTE,5,애디튼,"이대호, 김문호, 강민호, 번즈, 전준우, 신본기, 손아섭, 김상호, 이우민"
470,KIA,7,헥터,"이명기, 김주찬, 버나디나, 나지완, 김선빈, 이범호, 서동욱, 김민식, 최형우",NC,4,구창모,"이상호, 이종욱, 나성범, 모창민, 박석민, 손시헌, 김태군, 김성욱, 이원재"
471,KT,2,피어밴드,"심우준, 로하스, 박경수, 윤석민, 유한준, 오태곤, 이해창, 이대형, 장성우",SAMSUNG,4,페트릭,"박해민, 조동찬, 이지영, 강한울, 배영섭, 구자욱, 이승엽, 이원석, 러프"
472,DOOSAN,1,보우덴,"허경민, 에반스, 오재일, 김재호, 정진호, 박건우, 김재환, 박세혁, 오재원",NEXEN,5,밴헤켄,"서건창, 김하성, 이정후, 채태인, 김민성, 대니돈, 고종욱, 박동원, 이택근"
473,SK,6,문승원,"노수광, 정진기, 김동엽, 박정권, 나주환, 이성우, 최정, 한동민, 박승욱",LG,12,소사,"이천웅, 박용택, 오지환, 양석환, 정성훈, 백창수, 강승호, 안익훈, 정상호"
474,HANHWA,4,배영수,"정근우, 김태균, 로사리오, 송광민, 하주석, 김원석, 이용규, 이성열, 최재훈",LOTTE,8,레일리,"김문호, 전준우, 이대호, 손아섭, 강민호, 번즈, 신본기, 최준석, 김상호"
475,KIA,7,팻딘,"이명기, 김주찬, 버나디나, 최형우, 서동욱, 이범호, 김선빈, 나지완, 김민식",NC,6,맨쉽,"이상호, 김성욱, 모창민, 손시헌, 나성범, 권희동, 김태군, 박석민, 조평호"
476,KT,3,고영표,"이대형, 로하스, 유한준, 윤석민, 박경수, 오태곤, 이진영, 장성우, 박기혁",SAMSUNG,11,윤성환,"이승엽, 박해민, 배영섭, 구자욱, 조동찬, 강한울, 러프, 이지영, 이원석"
477,DOOSAN,4,장원준,"최주환, 김재환, 오재일, 김재호, 국해성, 박건우, 허경민, 박세혁, 에반스",NEXEN,3,최원태,"이정후, 서건창, 채태인, 김하성, 김민성, 이택근, 고종욱, 장영석, 박동원"
478,SK,1,윤희상,"조용호, 노수광, 김동엽, 박정권, 최정, 박승욱, 김성현, 한동민, 이재원",LG,9,김대현,"강승호, 유강남, 이천웅, 양석환, 김재율, 오지환, 채은성, 박용택, 안익훈"
479,HANHWA,6,안영명,"이용규, 로사리오, 하주석, 정근우, 김태균, 이성열, 임익준, 양성우, 허도환",LOTTE,4,박세웅,"김문호, 손아섭, 전준우, 이대호, 강민호, 김상호, 번즈, 신본기, 문규현"
480,KIA,7,양현종,"이명기, 김주찬, 버나디나, 최형우, 김선빈, 이범호, 김민식, 나지완, 서동욱",NC,1,장현식,"이상호, 김성욱, 모창민, 나성범, 권희동, 이호준, 손시헌, 조평호, 김태군"
481,KT,9,로치,"로하스, 이진영, 윤석민, 전민수, 박경수, 김동욱, 박기혁, 이해창, 심우준",SAMSUNG,8,우규민,"러프, 배영섭, 구자욱, 이승엽, 박해민, 이원석, 이지영, 조동찬, 이성규"
482,DOOSAN,8,니퍼트,"국해성, 최주환, 김재환, 에반스, 김재호, 오재원, 박세혁, 박건우, 류지혁",NEXEN,4,금민철,"이정후, 서건창, 김하성, 김민성, 고종욱, 박동원, 채태인, 이택근, 김규민"
483,NEXEN,3,김성민,"김하성, 이정후, 서건창, 채태인, 고종욱, 김민성, 이택근, 박동원, 김규민",KIA,4,헥터,"최형우, 나지완, 이명기, 김주찬, 버나디나, 안치홍, 이범호, 김선빈, 김민식"
484,LG,3,소사,"강승호, 양석환, 이형종, 정성훈, 채은성, 백창수, 박용택, 오지환, 유강남",KT,2,피어밴드,"로하스, 이진영, 유한준, 장성우, 오태곤, 윤석민, 박기혁, 정현, 이대형"
485,HANHWA,4,윤규진,"이용규, 정근우, 로사리오, 김태균, 하주석, 양성우, 장민석, 임익준, 최재훈",NC,7,이재학,"박민우, 스크럭스, 모창민, 손시헌, 김태군, 나성범, 권희동, 이종욱, 이호준"
486,SK,4,다이아몬드,"한동민, 김성현, 조용호, 최정, 김동엽, 정의윤, 박정권, 나주환, 이성우",DOOSAN,6,보우덴,"에반스, 김재환, 오재일, 김인태, 정진호, 최주환, 김재호, 허경민, 박세혁"
487,LOTTE,5,레일리,"손아섭, 번즈, 김문호, 전준우, 이대호, 최준석, 신본기, 문규현, 강민호",SAMSUNG,2,백정현,"러프, 박해민, 구자욱, 배영섭, 이원석, 김정혁, 이지영, 이성규, 정병곤"
488,NEXEN,4,브리검,"채태인, 김민성, 이정후, 박정음, 서건창, 김하성, 고종욱, 주효상, 김웅빈",KIA,2,임기영,"이명기, 최형우, 나지완, 안치홍, 이범호, 김선빈, 버나디나, 서동욱, 최원준"
489,LG,4,김대현,"안익훈, 박용택, 양석환, 유강남, 오지환, 이천웅, 강승호, 채은성, 정성훈",KT,2,고영표,"정현, 로하스, 이해창, 심우준, 윤석민, 박경수, 유한준, 오태곤, 전민수"
490,HANHWA,9,김재영,"이용규, 로사리오, 하주석, 양성우, 정근우, 김태균, 김원석, 허도환, 정경운",NC,13,맨쉽,"박민우, 나성범, 스크럭스, 김태군, 이종욱, 권희동, 손시헌, 모창민, 이호준"
491,SK,12,켈리,"조용호, 노수광, 최정, 정의윤, 나주환, 이대수, 이재원, 한동민, 김성현",DOOSAN,8,장원준,"최주환, 에반스, 오재일, 김인태, 김재환, 허경민, 정진호, 김재호, 김민혁"
492,LOTTE,0,송승준,"전준우, 손아섭, 김문호, 번즈, 신본기, 이대호, 강민호, 문규현, 최준석",SAMSUNG,3,페트릭,"박해민, 박한이, 구자욱, 러프, 이원석, 이지영, 정병곤, 이승엽, 조동찬"
493,NEXEN,7,밴헤켄,"박동원, 고종욱, 이정후, 채태인, 김민성, 서건창, 박정음, 김하성, 이택근",KIA,8,정용운,"이명기, 김주찬, 버나디나, 최형우, 안치홍, 이범호, 김선빈, 나지완, 한승택"
494,LG,10,류제국,"백창수, 강승호, 박용택, 양석환, 김재율, 이형종, 채은성, 이천웅, 유강남",KT,9,정성곤,"로하스, 오태곤, 이대형, 윤석민, 박경수, 이진영, 장성우, 유한준, 정현"
495,HANHWA,4,배영수,"이용규, 정근우, 김태균, 송광민, 양성우, 정경운, 로사리오, 김원석, 최재훈",NC,7,장현식,"나성범, 스크럭스, 권희동, 지석훈, 이상호, 이호준, 모창민, 박광열, 이종욱"
496,SK,2,박종훈,"나주환, 김동엽, 한동민, 최정, 정의윤, 이재원, 김성현, 이대수, 조용호",DOOSAN,14,함덕주,"에반스, 김재환, 김재호, 오재일, 허경민, 박세혁, 최주환, 정진호, 김인태"
497,LOTTE,4,박세웅,"번즈, 손아섭, 이대호, 강민호, 김문호, 전준우, 신본기, 문규현, 이우민",SAMSUNG,4,윤성환,"박해민, 구자욱, 러프, 배영섭, 이승엽, 이원석, 조동찬, 이지영, 정병곤"
498,DOOSAN,9,니퍼트,"정진호, 최주환, 김재환, 오재일, 김재호, 박건우, 에반스, 허경민, 박세혁",HANHWA,6,안영명,"정근우, 김태균, 김원석, 송광민, 최재훈, 정경운, 로사리오, 최진행, 양성우"
499,NEXEN,2,최원태,"이정후, 서건창, 박동원, 고종욱, 채태인, 김하성, 박정음, 송성문, 장영석",KT,0,로치,"정현, 로하스, 윤석민, 유한준, 박경수, 이진영, 이대형, 이해창, 오태곤"
500,SAMSUNG,4,레나도,"박해민, 구자욱, 이승엽, 이원석, 러프, 조동찬, 배영섭, 나원탁, 정병곤",LG,10,차우찬,"이천웅, 이형종, 김재율, 강승호, 정상호, 양석환, 오지환, 백창수, 박용택"
501,KIA,3,양현종,"김주찬, 버나디나, 최형우, 안치홍, 김선빈, 나지완, 이범호, 김민식, 이명기",LOTTE,4,김원중,"손아섭, 김문호, 전준우, 이대호, 김상호, 번즈, 신본기, 김동한, 강민호"
502,NC,10,해커,"윤병호, 나성범, 손시헌, 김태군, 박민우, 스크럭스, 모창민, 이호준, 권희동",SK,6,문승원,"최정, 김동엽, 노수광, 나주환, 한동민, 정의윤, 이대수, 이재원, 김성현"
503,DOOSAN,17,유희관,"허경민, 박건우, 정진호, 최주환, 에반스, 오재일, 김재환, 박세혁, 김재호",HANHWA,1,김범수,"김태균, 로사리오, 김원석, 정근우, 장민석, 송광민, 최진행, 정경운, 임익준"
504,NEXEN,3,금민철,"이정후, 서건창, 채태인, 고종욱, 장영석, 김하성, 김민성, 허정협, 박동원",KT,8,류희운,"로하스, 장성우, 정현, 이해창, 윤석민, 김동욱, 이대형, 박경수, 남태혁"
505,KIA,0,팻딘,"이명기, 김주찬, 버나디나, 최형우, 안치홍, 김민식, 최원준, 서동욱, 이범호",LOTTE,1,린드블럼,"전준우, 손아섭, 강민호, 이대호, 김상호, 신본기, 번즈, 김문호, 김동한"
506,NC,8,구창모,"손시헌, 박민우, 나성범, 이호준, 권희동, 박광열, 스크럭스, 김성욱, 지석훈",SK,2,윤희상,"조용호, 노수광, 김동엽, 나주환, 최정, 정의윤, 이재원, 박정권, 김성현"
507,DOOSAN,8,보우덴,"정진호, 오재일, 최주환, 박건우, 김재환, 김재호, 박세혁, 에반스, 허경민",HANHWA,7,비야누에바,"정근우, 김태균, 이용규, 송광민, 양성우, 정경운, 로사리오, 장민석, 김원석"
508,NEXEN,7,김성민,"이정후, 채태인, 김민성, 장영석, 서건창, 김하성, 허정협, 고종욱, 박동원",KT,4,피어밴드,"이대형, 정현, 로하스, 윤석민, 유한준, 박경수, 장성우, 김동욱, 오태곤"
509,SAMSUNG,10,김대우,"박해민, 구자욱, 러프, 이승엽, 이원석, 강한울, 박한이, 최경철, 조동찬",LG,6,임찬규,"박용택, 양석환, 유강남, 안익훈, 이형종, 정성훈, 오지환, 강승호, 이천웅"
510,KIA,1,헥터,"이명기, 김주찬, 버나디나, 최형우, 안치홍, 이범호, 김민식, 김선빈, 나지완",LOTTE,3,레일리,"전준우, 손아섭, 이대호, 김상호, 신본기, 김문호, 강민호, 번즈, 문규현"
511,NC,8,이재학,"윤병호, 박민우, 스크럭스, 이호준, 권희동, 김태군, 나성범, 박석민, 손시헌",SK,1,다이아몬드,"노수광, 나주환, 최정, 김동엽, 이재원, 김성현, 로맥, 박정권, 한동민"
512,SAMSUNG,3,백정현,"박해민, 구자욱, 박한이, 러프, 이원석, 나원탁, 이승엽, 조동찬, 강한울",NC,1,맨쉽,"윤병호, 박민우, 나성범, 스크럭스, 박석민, 권희동, 손시헌, 이호준, 김태군"
513,KT,5,고영표,"이대형, 정현, 로하스, 윤석민, 박경수, 장성우, 오태곤, 유한준, 남태혁",DOOSAN,6,장원준,"박건우, 김재환, 오재일, 에반스, 박세혁, 최주환, 정진호, 김재호, 류지혁"
514,KIA,11,임기영,"이명기, 김주찬, 나지완, 버나디나, 최형우, 안치홍, 김민식, 김선빈, 이범호",SK,10,켈리,"이재원, 나주환, 한동민, 로맥, 정의윤, 김성현, 조용호, 최정, 김동엽"
515,LG,0,소사,"이천웅, 박용택, 양석환, 오지환, 김재율, 강승호, 안익훈, 채은성, 이형종",NEXEN,6,브리검,"서건창, 이정후, 송성문, 김하성, 고종욱, 박정음, 장영석, 주효상, 김민성"
516,LOTTE,9,송승준,"손아섭, 이우민, 번즈, 나경민, 김문호, 이대호, 강민호, 신본기, 문규현",HANHWA,8,배영수,"정근우, 이용규, 김태균, 로사리오, 송광민, 양성우, 최진행, 정경운, 최재훈"
517,SAMSUNG,5,윤성환,"박해민, 구자욱, 러프, 박한이, 이승엽, 이원석, 조동찬, 이지영, 정병곤",NC,1,장현식,"스크럭스, 이호준, 이종욱, 박민우, 나성범, 박석민, 권희동, 박광열, 손시헌"
518,KT,3,정성곤,"로하스, 이대형, 윤석민, 유한준, 김연훈, 박경수, 김동욱, 장성우, 오태곤",DOOSAN,7,함덕주,"박건우, 김재환, 오재일, 에반스, 허경민, 최주환, 정진호, 김재호, 박세혁"
519,KIA,8,정용운,"이명기, 안치홍, 김주찬, 버나디나, 최형우, 이범호, 김민식, 최원준, 서동욱",SK,7,박종훈,"노수광, 로맥, 이재원, 김성현, 이대수, 최정, 정의윤, 조용호, 김강민"
520,LG,4,김대현,"박용택, 양석환, 백창수, 이천웅, 이형종, 정성훈, 오지환, 유강남, 강승호",NEXEN,3,밴헤켄,"이정후, 송성문, 서건창, 김하성, 김민성, 고종욱, 장영석, 박정음, 박동원"
521,LOTTE,3,박세웅,"전준우, 나경민, 손아섭, 이대호, 김문호, 번즈, 신본기, 김사훈, 문규현",HANHWA,6,안영명,"송광민, 로사리오, 양성우, 정근우, 이용규, 김태균, 최진행, 허도환, 정경운"
522,SAMSUNG,0,레나도,"박한이, 러프, 구자욱, 이원석, 강한울, 박해민, 이승엽, 조동찬, 나원탁",NC,7,해커,"박민우, 스크럭스, 김성욱, 나성범, 박석민, 권희동, 이상호, 김태군, 손시헌"
523,KT,3,로치,"정현, 김동욱, 윤석민, 오태곤, 로하스, 박경수, 유한준, 이해창, 이대형",DOOSAN,5,니퍼트,"류지혁, 오재일, 최주환, 박건우, 김재환, 박세혁, 민병헌, 정진호, 허경민"
524,KIA,9,양현종,"이명기, 김주찬, 최원준, 안치홍, 이범호, 최형우, 나지완, 서동욱, 김민식",SK,1,문승원,"한동민, 최정, 정의윤, 김동엽, 김강민, 로맥, 이재원, 김성현, 이대수"
525,LG,4,류제국,"박용택, 양석환, 이천웅, 오지환, 강승호, 백창수, 로니, 이형종, 유강남",NEXEN,3,최원태,"서건창, 김하성, 고종욱, 이정후, 박정음, 이택근, 장영석, 박동원, 김민성"
526,DOOSAN,3,유희관,"에반스, 민병헌, 최주환, 양의지, 박건우, 김재환, 허경민, 김재호, 류지혁",KIA,3,팻딘,"이명기, 김선빈, 김주찬, 안치홍, 이범호, 김호령, 나지완, 최형우, 한승택"
527,HANHWA,4,김재영,"정근우, 이용규, 송광민, 최진행, 최재훈, 로사리오, 김태균, 김원석, 정경운",LG,3,차우찬,"강승호, 박용택, 로니, 양석환, 이천웅, 이형종, 오지환, 정상호, 안익훈"
528,SK,8,윤희상,"조용호, 로맥, 정의윤, 김성현, 한동민, 최정, 이재원, 박정권, 이대수",LOTTE,7,김원중,"손아섭, 나경민, 전준우, 이대호, 김문호, 번즈, 신본기, 문규현, 김사훈"
529,KT,4,류희운,"정현, 장성우, 로하스, 윤석민, 남태혁, 김동욱, 이대형, 박경수, 유한준",NC,5,구창모,"권희동, 김성욱, 박민우, 나성범, 스크럭스, 박석민, 이호준, 손시헌, 김태군"
530,NEXEN,2,금민철,"채태인, 이정후, 서건창, 김하성, 김민성, 고종욱, 장영석, 주효상, 허정협",SAMSUNG,9,안성무,"김헌곤, 박해민, 구자욱, 러프, 이승엽, 이원석, 강한울, 이지영, 조동찬"
531,DOOSAN,1,보우덴,"최주환, 류지혁, 오재일, 에반스, 박건우, 김재환, 민병헌, 허경민, 박세혁",KIA,2,헥터,"버나디나, 김선빈, 김주찬, 최형우, 안치홍, 서동욱, 나지완, 이범호, 김민식"
532,HANHWA,2,비야누에바,"정근우, 이용규, 김태균, 최진행, 송광민, 로사리오, 양성우, 정경운, 차일목",LG,12,임찬규,"박용택, 안익훈, 로니, 이천웅, 김재율, 손주인, 유강남, 정성훈, 황목치승"
533,SK,4,다이아몬드,"노수광, 로맥, 김성현, 이대수, 이성우, 한동민, 박정권, 김강민, 최정",LOTTE,1,린드블럼,"손아섭, 김상호, 강민호, 번즈, 전준우, 이대호, 김문호, 김동한, 신본기"
534,KT,4,피어밴드,"정현, 이진영, 로하스, 윤석민, 박경수, 김동욱, 장성우, 유한준, 이해창",NC,3,이재학,"김성욱, 나성범, 스크럭스, 박석민, 권희동, 지석훈, 김태군, 박민우, 이호준"
535,NEXEN,14,김성민,"서건창, 김하성, 채태인, 이정후, 초이스, 고종욱, 김민성, 박동원, 박정음",SAMSUNG,1,우규민,"김헌곤, 구자욱, 이승엽, 조동찬, 박해민, 러프, 이원석, 최경철, 강한울"
536,DOOSAN,6,장원준,"최주환, 류지혁, 박건우, 에반스, 허경민, 김재환, 박세혁, 오재일, 정진호",KIA,4,임기영,"이명기, 김주찬, 버나디나, 안치홍, 나지완, 이범호, 최형우, 한승택, 김선빈"
537,HANHWA,3,김범수,"정근우, 이용규, 송광민, 로사리오, 김태균, 최진행, 장민석, 정경운, 최재훈",LG,9,소사,"박용택, 이형종, 로니, 양석환, 이천웅, 정성훈, 유강남, 황목치승, 손주인"
538,SK,2,켈리,"로맥, 정의윤, 김강민, 김성현, 최정, 한동민, 김동엽, 이대수, 이성우",LOTTE,3,레일리,"번즈, 전준우, 나경민, 손아섭, 강민호, 신본기, 이대호, 김문호, 이우민"
539,KT,3,고영표,"이대형, 로하스, 윤석민, 이해창, 박경수, 이진영, 오태곤, 안치영, 남태혁",NC,8,맨쉽,"박민우, 나성범, 스크럭스, 이상호, 박석민, 권희동, 손시헌, 김태군, 이재율"
540,NEXEN,9,브리검,"이정후, 초이스, 김민성, 서건창, 채태인, 고종욱, 장영석, 김하성, 주효상",SAMSUNG,4,백정현,"박해민, 구자욱, 이승엽, 이원석, 김성훈, 이지영, 강한울, 러프, 김헌곤"
541,NC,7,장현식,"박민우, 나성범, 김성욱, 스크럭스, 박석민, 권희동, 손시헌, 모창민, 박광열",HANHWA,6,배영수,"정근우, 이용규, 로사리오, 양성우, 송광민, 김태균, 정경운, 최진행, 김원석"
542,KIA,7,정용운,"버나디나, 이명기, 김주찬, 최형우, 안치홍, 나지완, 이범호, 김주형, 김민식",KT,15,정성곤,"이대형, 윤석민, 로하스, 박경수, 유한준, 심우준, 정현, 장성우, 남태혁"
543,LG,2,김대현,"안익훈, 박용택, 로니, 양석환, 이형종, 이천웅, 유강남, 강승호, 오지환",LOTTE,0,송승준,"나경민, 손아섭, 전준우, 이대호, 강민호, 김문호, 신본기, 번즈, 문규현"
544,SAMSUNG,5,윤성환,"배영섭, 김헌곤, 구자욱, 러프, 이승엽, 강한울, 이원석, 조동찬, 이지영",DOOSAN,12,함덕주,"최주환, 류지혁, 에반스, 오재일, 허경민, 박건우, 김재환, 양의지, 민병헌"
545,NEXEN,3,밴헤켄,"이정후, 고종욱, 초이스, 송성문, 박동원, 채태인, 김민성, 김지수, 장영석",SK,0,박종훈,"조용호, 최정, 나주환, 김동엽, 로맥, 정의윤, 한동민, 김성현, 이성우"
546,NC,2,해커,"박민우, 김성욱, 나성범, 스크럭스, 박석민, 모창민, 권희동, 손시헌, 김태군",HANHWA,6,안영명,"정근우, 이용규, 송광민, 로사리오, 김태균, 양성우, 최재훈, 최진행, 오선진"
547,LG,5,류제국,"박용택, 안익훈, 양석환, 이천웅, 로니, 이형종, 강승호, 오지환, 유강남",LOTTE,4,박세웅,"손아섭, 전준우, 번즈, 나경민, 김문호, 강민호, 이대호, 정훈, 신본기"
548,SAMSUNG,2,정인욱,"김성훈, 김헌곤, 구자욱, 이승엽, 박한이, 강한울, 이지영, 러프, 이원석",DOOSAN,5,니퍼트,"최주환, 박건우, 김재환, 류지혁, 양의지, 에반스, 민병헌, 오재일, 허경민"
549,NEXEN,5,최원태,"김하성, 채태인, 김민성, 고종욱, 장영석, 이정후, 서건창, 초이스, 박동원",SK,4,문승원,"노수광, 나주환, 최정, 로맥, 정의윤, 박정권, 이홍구, 김성현, 한동민"
550,NC,10,구창모,"박민우, 나성범, 김성욱, 스크럭스, 모창민, 이상호, 손시헌, 김태군, 권희동",HANHWA,2,김재영,"송광민, 김원석, 오선진, 로사리오, 최재훈, 임익준, 이용규, 김태균, 양성우"
551,KIA,9,양현종,"안치홍, 이명기, 버나디나, 최원준, 김주찬, 최형우, 나지완, 이범호, 김민식",KT,3,류희운,"정현, 로하스, 이대형, 윤석민, 박경수, 유한준, 장성우, 남태혁, 심우준"
552,LG,9,차우찬,"박용택, 김재율, 정상호, 백창수, 로니, 이천웅, 오지환, 손주인, 안익훈",LOTTE,6,김원중,"손아섭, 이대호, 전준우, 강민호, 나경민, 최준석, 김동한, 신본기, 번즈"
553,SAMSUNG,4,안성무,"김성훈, 이승엽, 러프, 박한이, 강한울, 구자욱, 이원석, 이지영, 박해민",DOOSAN,14,유희관,"류지혁, 김재환, 오재원, 최주환, 박건우, 에반스, 민병헌, 허경민, 박세혁"
554,NEXEN,11,정대현,"이정후, 서건창, 초이스, 김하성, 고종욱, 장영석, 박동원, 채태인, 김민성",SK,3,윤희상,"노수광, 나주환, 최정, 로맥, 김동엽, 김강민, 김성현, 한동민, 이홍구"
555,HANHWA,7,비야누에바,"이용규, 오선진, 송광민, 최진행, 김태균, 양성우, 최재훈, 이동훈, 임익준",KIA,3,헥터,"이명기, 최원준, 버나디나, 최형우, 안치홍, 나지완, 이범호, 서동욱, 김민식"
556,LG,4,임찬규,"안익훈, 유강남, 황목치승, 박용택, 로니, 양석환, 이천웅, 백창수, 손주인",DOOSAN,11,보우덴,"류지혁, 박건우, 에반스, 오재원, 최주환, 민병헌, 양의지, 김재환, 허경민"
557,KT,5,로치,"로하스, 윤석민, 박경수, 정현, 전민수, 유한준, 이해창, 심우준, 장성우",SK,6,다이아몬드,"조용호, 최정, 한동민, 나주환, 노수광, 김성현, 이성우, 로맥, 박정권"
558,NC,3,이재학,"박민우, 나성범, 스크럭스, 권희동, 손시헌, 박석민, 이상호, 지석훈, 김성욱",SAMSUNG,4,우규민,"김성훈, 구자욱, 이승엽, 강한울, 최경철, 박해민, 러프, 이원석, 박한이"
559,LOTTE,10,린드블럼,"최준석, 이대호, 신본기, 전준우, 손아섭, 번즈, 김동한, 박헌도, 이우민",NEXEN,8,김성민,"초이스, 김하성, 채태인, 고종욱, 서건창, 장영석, 송성문, 이정후, 박동원"
560,HANHWA,1,김범수,"이용규, 오선진, 송광민, 로사리오, 김태균, 최재훈, 정경운, 이동훈, 김원석",KIA,7,팻딘,"이명기, 김주찬, 버나디나, 최형우, 안치홍, 최원준, 나지완, 이범호, 한승택"
561,LG,1,소사,"안익훈, 강승호, 로니, 양석환, 이형종, 이천웅, 유강남, 황목치승, 박용택",DOOSAN,2,장원준,"최주환, 류지혁, 김재환, 양의지, 박건우, 에반스, 민병헌, 오재원, 허경민"
562,KT,4,피어밴드,"전민수, 로하스, 윤석민, 박경수, 오태곤, 장성우, 정현, 오정복, 이대형",SK,3,켈리,"노수광, 나주환, 로맥, 정의윤, 한동민, 최정, 김동엽, 김성현, 이성우"
563,NC,3,맨쉽,"권희동, 나성범, 스크럭스, 이호준, 박민우, 윤병호, 박석민, 손시헌, 김성욱",SAMSUNG,9,백정현,"박해민, 이지영, 김성훈, 구자욱, 러프, 조동찬, 이승엽, 박한이, 강한울"
564,LOTTE,5,레일리,"전준우, 손아섭, 최준석, 이대호, 강민호, 김문호, 번즈, 김동한, 신본기",NEXEN,4,브리검,"이정후, 서건창, 김하성, 초이스, 고종욱, 장영석, 이택근, 김민성, 주효상"
565,LG,3,김대현,"박용택, 백창수, 양석환, 이형종, 손주인, 안익훈, 정성훈, 강승호, 유강남",DOOSAN,10,함덕주,"류지혁, 에반스, 오재일, 허경민, 최주환, 박건우, 민병헌, 양의지, 김재환"
566,KT,6,고영표,"전민수, 윤석민, 박경수, 장성우, 오태곤, 유한준, 정현, 하준호, 로하스",SK,3,박종훈,"노수광, 로맥, 한동민, 나주환, 박정권, 이대수, 최정, 조용호, 이홍구"
567,NC,4,장현식,"나성범, 스크럭스, 모창민, 손시헌, 박광열, 박민우, 권희동, 이호준, 김성욱",SAMSUNG,1,윤성환,"박해민, 김성훈, 구자욱, 러프, 조동찬, 이원석, 최경철, 배영섭, 강한울"
568,LOTTE,6,송승준,"최준석, 이대호, 강민호, 전준우, 번즈, 문규현, 박헌도, 김동한, 손아섭",NEXEN,4,밴헤켄,"이정후, 채태인, 초이스, 고종욱, 박동원, 서건창, 김하성, 김민성, 장영석"
569,DOOSAN,8,니퍼트,"최주환, 박건우, 에반스, 민병헌, 양의지, 오재원, 허경민, 류지혁, 김재환",HANHWA,1,안영명,"이용규, 송광민, 로사리오, 김태균, 최진행, 김원석, 양성우, 최재훈, 오선진"
570,LOTTE,5,박세웅,"전준우, 손아섭, 강민호, 최준석, 이대호, 김문호, 번즈, 문규현, 신본기",KT,4,김사율,"정현, 전민수, 로하스, 윤석민, 박경수, 심우준, 오태곤, 유한준, 김동욱"
571,SAMSUNG,8,정인욱,"김성훈, 구자욱, 이승엽, 박해민, 러프, 조동찬, 이원석, 이지영, 박한이",LG,10,류제국,"로니, 양석환, 박용택, 이천웅, 이형종, 정성훈, 강승호, 유강남, 손주인"
572,SK,4,문승원,"나주환, 로맥, 김성현, 노수광, 최정, 한동민, 정의윤, 박정권, 김동엽",NC,0,강윤구,"나성범, 이종욱, 박민우, 스크럭스, 이호준, 권희동, 모창민, 손시헌, 김태군"
573,KIA,3,임기영,"이명기, 버나디나, 김주찬, 안치홍, 나지완, 이범호, 김선빈, 최형우, 한승택",NEXEN,5,최원태,"이정후, 서건창, 채태인, 초이스, 장영석, 고종욱, 김하성, 김민성, 박동원"
574,DOOSAN,6,유희관,"최주환, 박건우, 에반스, 민병헌, 오재원, 서예일, 김재환, 양의지, 허경민",HANHWA,12,오간도,"이용규, 정근우, 김태균, 로사리오, 송광민, 최재훈, 양성우, 정경운, 최진행"
575,LOTTE,7,김원중,"이대호, 전준우, 손아섭, 최준석, 번즈, 김문호, 강민호, 문규현, 신본기",KT,6,류희운,"심우준, 로하스, 전민수, 윤석민, 장성우, 박경수, 오태곤, 정현, 오정복"
576,SAMSUNG,7,김동호,"김성훈, 이승엽, 이원석, 박해민, 구자욱, 러프, 조동찬, 김헌곤, 이지영",LG,4,차우찬,"이천웅, 로니, 양석환, 이형종, 정상호, 손주인, 박용택, 채은성, 강승호"
577,SK,5,윤희상,"노수광, 나주환, 최정, 로맥, 최승준, 정의윤, 김동엽, 김성현, 이성우",NC,10,구창모,"권희동, 모창민, 박석민, 이종욱, 박민우, 스크럭스, 지석훈, 나성범, 김성욱"
578,KIA,10,양현종,"이명기, 김주찬, 나지완, 이범호, 버나디나, 안치홍, 최형우, 김민식, 서동욱",NEXEN,1,윤영삼,"이정후, 초이스, 서건창, 이택근, 고종욱, 장영석, 김하성, 김민성, 박동원"
579,NC,3,이재학,"김성욱, 박민우, 나성범, 스크럭스, 박석민, 모창민, 권희동, 손시헌, 김태군",LOTTE,2,린드블럼,"전준우, 손아섭, 최준석, 이대호, 김문호, 번즈, 문규현, 김사훈, 신본기"
580,NEXEN,4,김성민,"이정후, 김하성, 김민성, 고종욱, 서건창, 초이스, 채태인, 송성문, 박동원",DOOSAN,7,보우덴,"류지혁, 박건우, 에반스, 양의지, 최주환, 김재환, 정진호, 민병헌, 허경민"
581,LG,1,임찬규,"박용택, 양석환, 최재원, 채은성, 백창수, 로니, 이형종, 유강남, 손주인",SK,2,다이아몬드,"노수광, 나주환, 로맥, 김동엽, 김성현, 이대수, 조용호, 최승준, 이성우"
582,KT,9,주권,"정현, 로하스, 윤석민, 심우준, 박경수, 유한준, 장성우, 전민수, 오태곤",KIA,8,팻딘,"김선빈, 이명기, 김주찬, 버나디나, 최형우, 이범호, 나지완, 김민식, 최원준"
583,NC,3,맨쉽,"나성범, 스크럭스, 박민우, 모창민, 이호준, 권희동, 손시헌, 이종욱, 김성욱",LOTTE,5,레일리,"전준우, 문규현, 김사훈, 최준석, 신본기, 번즈, 손아섭, 이대호, 김문호"
584,NEXEN,6,브리검,"이정후, 김하성, 채태인, 김민성, 이택근, 주효상, 서건창, 초이스, 고종욱",DOOSAN,3,장원준,"최주환, 류지혁, 박건우, 오재일, 박세혁, 민병헌, 정진호, 허경민, 김재환"
585,LG,6,소사,"이천웅, 양석환, 이형종, 강승호, 손주인, 로니, 채은성, 유강남, 박용택",SK,2,켈리,"노수광, 조용호, 최승준, 나주환, 김동엽, 이대수, 이성우, 최정, 김성현"
586,HANHWA,8,비야누에바,"이용규, 로사리오, 송광민, 정근우, 김태균, 최진행, 최재훈, 김회성, 양성우",SAMSUNG,3,우규민,"박해민, 구자욱, 러프, 이원석, 강한울, 김성훈, 이승엽, 김헌곤, 최경철"
587,NEXEN,1,밴헤켄,"초이스, 서건창, 김민성, 고종욱, 이정후, 김하성, 채태인, 이택근, 박동원",HANHWA,6,윤규진,"이용규, 정근우, 최진행, 양성우, 김회성, 정경운, 송광민, 로사리오, 최재훈"
588,SK,8,박종훈,"정의윤, 김성현, 노수광, 로맥, 최승준, 이대수, 최항, 김강민, 이성우",KT,3,로치,"전민수, 로하스, 이해창, 정현, 하준호, 윤석민, 오태곤, 심우준, 박경수"
589,KIA,11,정용운,"최원준, 버나디나, 최형우, 안치홍, 김민식, 김선빈, 김호령, 신종길, 나지완",LG,10,김대현,"박용택, 이천웅, 채은성, 강승호, 로니, 정성훈, 유강남, 양석환, 손주인"
590,SAMSUNG,13,윤성환,"박해민, 이지영, 김성훈, 구자욱, 이승엽, 이원석, 조동찬, 러프, 김헌곤",LOTTE,7,송승준,"손아섭, 김문호, 전준우, 나경민, 이대호, 신본기, 문규현, 번즈, 김사훈"
591,DOOSAN,3,함덕주,"에반스, 양의지, 정진호, 최주환, 류지혁, 박건우, 김재환, 허경민, 오재일",NC,0,해커,"박민우, 모창민, 박석민, 권희동, 이종욱, 나성범, 스크럭스, 손시헌, 김태군"
592,NEXEN,9,최원태,"이정후, 서건창, 김하성, 김민성, 주효상, 채태인, 고종욱, 김지수, 김웅빈",HANHWA,1,김재영,"이용규, 정근우, 로사리오, 최진행, 박준혁, 오선진, 송광민, 양성우, 최재훈"
593,SK,3,문승원,"노수광, 최항, 최승준, 나주환, 박정권, 김강민, 로맥, 이대수, 이성우",KT,11,고영표,"정현, 전민수, 윤석민, 유한준, 이해창, 오태곤, 로하스, 장성우, 안치영"
594,SAMSUNG,7,황수범,"박해민, 김성훈, 구자욱, 러프, 이승엽, 조동찬, 이원석, 박한이, 이지영",LOTTE,9,박세웅,"전준우, 강민호, 문규현, 이대호, 번즈, 손아섭, 최준석, 김문호, 신본기"
595,DOOSAN,2,니퍼트,"정진호, 류지혁, 김재환, 에반스, 오재원, 박건우, 양의지, 민병헌, 허경민",NC,1,장현식,"나성범, 스크럭스, 모창민, 박석민, 권희동, 지석훈, 김준완, 박민우, 박광열"
596,KIA,4,양현종,"김주찬, 버나디나, 안치홍, 최형우, 나지완, 이명기, 한승택, 김선빈, 고장혁",NC,2,구창모,"박민우, 권희동, 나성범, 스크럭스, 박석민, 이호준, 모창민, 손시헌, 박광열"
597,LOTTE,8,김원중,"전준우, 손아섭, 최준석, 이대호, 강민호, 번즈, 박헌도, 신본기, 문규현",DOOSAN,6,유희관,"최주환, 김재환, 류지혁, 박건우, 민병헌, 오재원, 에반스, 오재일, 양의지"
598,LG,2,차우찬,"로니, 양석환, 채은성, 유강남, 박용택, 최재원, 이형종, 이천웅, 손주인",KT,1,피어밴드,"전민수, 정현, 로하스, 윤석민, 박경수, 오정복, 장성우, 오태곤, 유한준"
599,KIA,4,헥터,"이명기, 김주찬, 버나디나, 최형우, 이범호, 김민식, 김선빈, 최원준, 안치홍",NC,3,이재학,"나성범, 스크럭스, 모창민, 손시헌, 김준완, 박민우, 권희동, 이종욱, 지석훈"
600,LOTTE,4,린드블럼,"전준우, 손아섭, 최준석, 이대호, 강민호, 문규현, 번즈, 신본기, 김문호",DOOSAN,2,보우덴,"정진호, 류지혁, 에반스, 양의지, 민병헌, 김재환, 오재일, 오재원, 허경민"
601,HANHWA,8,오간도,"양성우, 정근우, 로사리오, 김회성, 최재훈, 최진행, 하주석, 오선진, 이용규",SK,5,백인식,"노수광, 최항, 로맥, 김동엽, 나주환, 박정권, 최정, 최승준, 이대수"
602,SAMSUNG,5,김대우,"김성훈, 러프, 박해민, 구자욱, 조동찬, 배영섭, 이지영, 이승엽, 이원석",NEXEN,6,김성민,"채태인, 고종욱, 김하성, 박정음, 주효상, 이정후, 이택근, 서건창, 김민성"
603,NC,3,맨쉽,"이종욱, 나성범, 박민우, 스크럭스, 박석민, 모창민, 권희동, 손시헌, 박광열",HANHWA,1,비야누에바,"이동훈, 정근우, 하주석, 김회성, 최재훈, 장민석, 로사리오, 최진행, 김태연"
604,DOOSAN,4,장원준,"정진호, 류지혁, 김재환, 에반스, 민병헌, 최주환, 오재원, 허경민, 양의지",KIA,1,팻딘,"김선빈, 김주찬, 버나디나, 나지완, 최형우, 안치홍, 이범호, 한승택, 김호령"
605,SK,6,다이아몬드,"노수광, 로맥, 최승준, 나주환, 최항, 정의윤, 박정권, 이대수, 이성우",LG,1,소사,"채은성, 박용택, 최재원, 로니, 정성훈, 강승호, 이형종, 유강남, 정상호"
606,NEXEN,3,브리검,"서건창, 이택근, 초이스, 고종욱, 박정음, 김하성, 장영석, 주효상, 김민성",LOTTE,5,레일리,"최준석, 이대호, 강민호, 김문호, 전준우, 손아섭, 번즈, 신본기, 문규현"
607,KT,4,정성곤,"윤석민, 박경수, 이해창, 전민수, 로하스, 유한준, 안치영, 하준호, 정현",SAMSUNG,6,우규민,"박해민, 구자욱, 김헌곤, 이원석, 이지영, 러프, 이승엽, 강한울, 김성훈"
608,NC,9,해커,"이종욱, 박민우, 나성범, 박석민, 모창민, 권희동, 스크럭스, 손시헌, 박광열",HANHWA,14,안영명,"하주석, 오선진, 로사리오, 최진행, 정경운, 양성우, 이동훈, 장민석, 최재훈"
609,DOOSAN,2,함덕주,"정진호, 류지혁, 박건우, 에반스, 김재환, 민병헌, 김재호, 양의지, 오재원",KIA,1,임기준,"이명기, 김주찬, 버나디나, 최형우, 나지완, 안치홍, 이범호, 김선빈, 김민식"
610,SK,8,켈리,"노수광, 최항, 로맥, 정의윤, 최승준, 박정권, 나주환, 이재원, 김성현",LG,2,김대현,"박용택, 이천웅, 로니, 양석환, 채은성, 강승호, 손주인, 이형종, 유강남"
611,NEXEN,5,밴헤켄,"이정후, 서건창, 김하성, 장영석, 채태인, 김민성, 고종욱, 초이스, 김재현",LOTTE,8,송승준,"전준우, 이대호, 최준석, 문규현, 손아섭, 신본기, 박헌도, 강민호, 번즈"
612,KT,1,로치,"정현, 전민수, 윤석민, 박경수, 유한준, 로하스, 이해창, 오태곤, 박기혁",SAMSUNG,5,윤성환,"박해민, 김헌곤, 구자욱, 이승엽, 조동찬, 러프, 강한울, 김성훈, 최경철"
613,HANHWA,2,윤규진,"하주석, 이동훈, 정근우, 로사리오, 최재훈, 오선진, 최진행, 양성우, 장민석",LOTTE,0,박세웅,"전준우, 손아섭, 이대호, 김문호, 최준석, 문규현, 신본기, 번즈, 김동한"
614,NEXEN,4,최원태,"이정후, 서건창, 초이스, 김하성, 채태인, 장영석, 김민성, 박정음, 주효상",NC,3,장현식,"박석민, 모창민, 이종욱, 나성범, 스크럭스, 권희동, 지석훈, 김준완, 박민우"
615,KT,4,주권,"정현, 김동욱, 로하스, 박경수, 전민수, 하준호, 윤석민, 장성우, 오태곤",DOOSAN,10,니퍼트,"박건우, 민병헌, 에반스, 류지혁, 김재환, 오재일, 김재호, 양의지, 최주환"
616,KIA,1,배힘찬,"서동욱, 신종길, 최정민, 버나디나, 최원준, 김주찬, 이명기, 나지완, 김선빈",SK,13,문승원,"로맥, 노수광, 최항, 박정권, 최승준, 이대수, 나주환, 조용호, 이성우"
617,LG,6,류제국,"박용택, 안익훈, 로니, 양석환, 이천웅, 채은성, 손주인, 최재원, 정상호",SAMSUNG,4,황수범,"김헌곤, 러프, 박해민, 이승엽, 조동찬, 강한울, 김성훈, 구자욱, 이지영"
618,HANHWA,3,배영수,"로사리오, 최진행, 이용규, 최재훈, 오선진, 하주석, 양성우, 장민석, 정근우",LOTTE,4,김원중,"손아섭, 최준석, 강민호, 문규현, 나경민, 김문호, 김동한, 전준우, 이대호"
619,NEXEN,3,정대현,"이정후, 이택근, 초이스, 김하성, 장영석, 김민성, 김재현, 채태인, 김지수",NC,4,강윤구,"이종욱, 박민우, 나성범, 이호준, 모창민, 권희동, 스크럭스, 손시헌, 김태군"
620,KT,2,고영표,"오정복, 정현, 로하스, 윤석민, 박경수, 유한준, 장성우, 이해창, 오태곤",DOOSAN,1,유희관,"최주환, 김재환, 에반스, 류지혁, 박건우, 오재일, 민병헌, 박세혁, 김재호"
621,KT,2,피어밴드,"정현, 전민수, 로하스, 윤석민, 유한준, 이해창, 오태곤, 박경수, 박기혁",HANHWA,3,오간도,"이용규, 오선진, 최진행, 하주석, 정경운, 로사리오, 양성우, 김회성, 최재훈"
622,KIA,3,양현종,"이명기, 김주찬, 버나디나, 나지완, 이범호, 최형우, 안치홍, 김선빈, 김민식",LOTTE,7,린드블럼,"손아섭, 전준우, 이대호, 박헌도, 강민호, 김동한, 신본기, 번즈, 최준석"
623,LG,3,허프,"박용택, 안익훈, 로니, 양석환, 유강남, 이천웅, 채은성, 최재원, 손주인",NC,4,이재학,"박민우, 스크럭스, 나성범, 이호준, 모창민, 김성욱, 김태군, 권희동, 김준완"
624,SK,6,박종훈,"노수광, 최승준, 나주환, 로맥, 박정권, 이재원, 최항, 조용호, 최정",DOOSAN,10,보우덴,"류지혁, 박건우, 김재환, 에반스, 민병헌, 박세혁, 김재호, 최주환, 오재일"
625,NEXEN,11,브리검,"이정후, 김하성, 채태인, 고종욱, 김민성, 이택근, 초이스, 송성문, 주효상",SAMSUNG,5,페트릭,"박해민, 김성훈, 러프, 이승엽, 이원석, 구자욱, 박한이, 강한울, 이지영"
626,KT,9,류희운,"오태곤, 윤석민, 박경수, 정현, 전민수, 로하스, 유한준, 하준호, 이해창",HANHWA,10,비야누에바,"양성우, 최진행, 로사리오, 김회성, 오선진, 이동훈, 정범모, 장민석, 하주석"
627,KIA,5,헥터,"김주찬, 버나디나, 나지완, 안치홍, 이명기, 김선빈, 최형우, 이범호, 한승택",LOTTE,7,레일리,"전준우, 손아섭, 이대호, 신본기, 번즈, 최준석, 박헌도, 김동한, 강민호"
628,LG,9,임찬규,"최재원, 이형종, 강승호, 로니, 이천웅, 채은성, 유강남, 박용택, 손주인",NC,3,맨쉽,"스크럭스, 박석민, 손시헌, 나성범, 모창민, 권희동, 이종욱, 지석훈, 박광열"
629,SK,1,다이아몬드,"노수광, 최항, 김동엽, 정의윤, 나주환, 최승준, 김강민, 이성우, 김성현",DOOSAN,4,장원준,"류지혁, 김재호, 박건우, 김재환, 에반스, 양의지, 박세혁, 민병헌, 허경민"
630,NEXEN,5,김성민,"이정후, 이택근, 초이스, 김하성, 김민성, 채태인, 고종욱, 김웅빈, 주효상",SAMSUNG,1,우규민,"박해민, 김헌곤, 구자욱, 러프, 조동찬, 이원석, 이승엽, 이지영, 강한울"
631,NC,7,해커,"이종욱, 박민우, 나성범, 모창민, 박석민, 스크럭스, 권희동, 손시헌, 김태군",KT,1,로치,"오태곤, 로하스, 하준호, 전민수, 유한준, 박기혁, 정현, 윤석민, 이해창"
632,LOTTE,11,송승준,"손아섭, 최준석, 문규현, 번즈, 전준우, 강민호, 이대호, 박헌도, 김동한",LG,0,차우찬,"최재원, 이형종, 강승호, 박용택, 이천웅, 로니, 채은성, 유강남, 정상호"
633,SAMSUNG,7,정인욱,"이승엽, 이원석, 박해민, 구자욱, 러프, 강한울, 권정웅, 김헌곤, 조동찬",SK,9,켈리,"나주환, 노수광, 최항, 로맥, 김성현, 이성우, 최승준, 박정권, 김동엽"
634,DOOSAN,6,함덕주,"정진호, 박건우, 김재환, 류지혁, 양의지, 민병헌, 오재원, 허경민, 에반스",NEXEN,5,밴헤켄,"초이스, 이정후, 김하성, 김민성, 장영석, 고종욱, 이택근, 김지수, 김재현"
635,HANHWA,6,안영명,"오선진, 이동훈, 양성우, 최재훈, 장민석, 최진행, 정경운, 로사리오, 김태연",KIA,3,팻딘,"김주찬, 버나디나, 최형우, 나지완, 이범호, 김선빈, 이명기, 안치홍, 김민식"
636,NC,7,장현식,"이종욱, 박민우, 스크럭스, 손시헌, 지석훈, 이호준, 김태군, 나성범, 김성욱",KT,5,정성곤,"오태곤, 정현, 로하스, 장성우, 이해창, 오정복, 김동욱, 박기혁, 박경수"
637,LOTTE,8,박세웅,"전준우, 최준석, 이대호, 문규현, 손아섭, 박헌도, 김동한, 번즈, 김사훈",LG,2,소사,"최재원, 정성훈, 이천웅, 이형종, 안익훈, 박용택, 유강남, 손주인, 강승호"
638,SAMSUNG,5,윤성환,"러프, 박해민, 구자욱, 이승엽, 배영섭, 강한울, 김성훈, 이원석, 조동찬",SK,7,문승원,"노수광, 나주환, 최승준, 정의윤, 김강민, 최항, 박정권, 이성우, 이대수"
639,DOOSAN,4,니퍼트,"김재호, 김재환, 양의지, 오재일, 김인태, 박건우, 에반스, 오재원, 민병헌",NEXEN,3,최원태,"이택근, 서건창, 초이스, 김민성, 김하성, 장영석, 이정후, 김웅빈, 박동원"
640,SK,2,백인식,"노수광, 나주환, 최승준, 박정권, 정의윤, 로맥, 최항, 이재원, 김성현",HANHWA,1,윤규진,"이동훈, 하주석, 오선진, 장민석, 최진행, 최재훈, 이용규, 김주현, 정경운"
641,NC,7,구창모,"나성범, 김성욱, 이종욱, 스크럭스, 이호준, 지석훈, 박민우, 도태훈, 김태군",KIA,8,임기준,"김선빈, 버나디나, 나지완, 안치홍, 이명기, 최형우, 이범호, 한승택, 김주찬"
642,SAMSUNG,14,황수범,"박해민, 배영섭, 러프, 이승엽, 구자욱, 조동찬, 이원석, 권정웅, 강한울",KT,8,심재민,"로하스, 윤석민, 오태곤, 김동욱, 박경수, 유한준, 이해창, 하준호, 정현"
643,DOOSAN,5,유희관,"김재호, 김재환, 민병헌, 박건우, 에반스, 오재원, 류지혁, 양의지, 오재일",LG,4,류제국,"최재원, 안익훈, 정성훈, 채은성, 강승호, 정상호, 황목치승, 박용택, 이형종"
644,LOTTE,6,김원중,"전준우, 최준석, 강민호, 문규현, 손아섭, 이대호, 김동한, 번즈, 박헌도",NEXEN,1,하영민,"이정후, 초이스, 이택근, 서건창, 김하성, 김민성, 장영석, 김웅빈, 박동원"
645,SK,4,박종훈,"노수광, 나주환, 정의윤, 최항, 박정권, 로맥, 이재원, 김성현, 김동엽",HANHWA,2,배영수,"이동훈, 양성우, 최진행, 김원석, 오선진, 김주현, 정범모, 하주석, 임익준"
646,NC,5,이재학,"김성욱, 모창민, 권희동, 나성범, 박민우, 손시헌, 스크럭스, 김태군, 도태훈",KIA,4,양현종,"이명기, 버나디나, 나지완, 안치홍, 김선빈, 최원준, 최형우, 이범호, 김민식"
647,SAMSUNG,2,페트릭,"박해민, 배영섭, 구자욱, 이원석, 러프, 조동찬, 강한울, 이성규, 권정웅",KT,3,피어밴드,"하준호, 로하스, 박경수, 박기혁, 오태곤, 윤석민, 유한준, 장성우, 김동욱"
648,DOOSAN,1,보우덴,"에반스, 민병헌, 김재호, 박건우, 오재원, 김재환, 양의지, 류지혁, 허경민",LG,1,허프,"안익훈, 정성훈, 이천웅, 강승호, 최재원, 박용택, 채은성, 유강남, 손주인"
649,LOTTE,8,린드블럼,"전준우, 손아섭, 이대호, 최준석, 박헌도, 강민호, 번즈, 김동한, 문규현",NEXEN,9,브리검,"이정후, 초이스, 김하성, 채태인, 장영석, 고종욱, 김웅빈, 주효상, 서건창"
650,SAMSUNG,9,우규민,"박해민, 배영섭, 구자욱, 러프, 권정웅, 이원석, 강한울, 이승엽, 조동찬",KIA,10,헥터,"이명기, 버나디나, 최형우, 서동욱, 김선빈, 나지완, 김민식, 최원준, 이범호"
651,HANHWA,8,오간도,"이용규, 송광민, 최진행, 이성열, 양성우, 최재훈, 정경운, 오선진, 김주현",LG,4,임찬규,"안익훈, 강승호, 손주인, 최재원, 박용택, 정성훈, 채은성, 이천웅, 정상호"
652,DOOSAN,7,장원준,"허경민, 김재환, 민병헌, 오재일, 김재호, 박건우, 박세혁, 오재원, 류지혁",LOTTE,5,레일리,"전준우, 강민호, 번즈, 최준석, 손아섭, 이대호, 박헌도, 문규현, 신본기"
653,KT,2,고영표,"오태곤, 정현, 하준호, 로하스, 윤석민, 유한준, 이해창, 박경수, 박기혁",NC,13,맨쉽,"나성범, 박민우, 스크럭스, 모창민, 이종욱, 권희동, 지석훈, 손시헌, 김태군"
654,NEXEN,8,밴헤켄,"이정후, 서건창, 김하성, 초이스, 채태인, 김민성, 고종욱, 이택근, 박동원",SK,4,다이아몬드,"노수광, 최항, 정의윤, 나주환, 최정, 로맥, 김성현, 김동엽, 박정권"
655,SAMSUNG,1,정인욱,"박해민, 배영섭, 구자욱, 러프, 권정웅, 이승엽, 강한울, 조동찬, 김성훈",KIA,5,심동섭,"버나디나, 이명기, 김선빈, 안치홍, 최형우, 나지완, 이범호, 서동욱, 신종길"
656,HANHWA,5,김재영,"송광민, 김원석, 이용규, 이성열, 최재훈, 오선진, 양성우, 김주현, 정경운",LG,6,차우찬,"최재원, 정성훈, 이천웅, 이형종, 강승호, 김용의, 박용택, 채은성, 유강남"
657,DOOSAN,2,함덕주,"류지혁, 민병헌, 박건우, 양의지, 김재환, 에반스, 정진호, 오재원, 허경민",LOTTE,5,송승준,"전준우, 최준석, 이대호, 강민호, 번즈, 손아섭, 박헌도, 황진수, 문규현"
658,KT,9,류희운,"오태곤, 하준호, 로하스, 윤석민, 유한준, 김동욱, 장성우, 박경수, 정현",NC,5,해커,"이종욱, 박민우, 나성범, 모창민, 스크럭스, 권희동, 지석훈, 손시헌, 김태군"
659,NEXEN,10,김성민,"서건창, 김민성, 이정후, 초이스, 이택근, 김하성, 채태인, 고종욱, 주효상",SK,0,켈리,"노수광, 정의윤, 최승준, 김성현, 나주환, 최정, 로맥, 이대수, 이성우"
660,HANHWA,10,비야누에바,"오선진, 송광민, 이용규, 이성열, 양성우, 정범모, 임익준, 정경운, 김주현",KT,1,로치,"오태곤, 로하스, 하준호, 윤석민, 유한준, 이해창, 김동욱, 정현, 박기혁"
661,LOTTE,8,박세웅,"전준우, 최준석, 손아섭, 번즈, 김사훈, 이대호, 박헌도, 황진수, 신본기",NC,5,장현식,"이종욱, 모창민, 나성범, 이호준, 권희동, 지석훈, 박민우, 박광열, 손시헌"
662,KIA,9,팻딘,"이명기, 버나디나, 김선빈, 나지완, 안치홍, 최형우, 서동욱, 김민식, 이범호",DOOSAN,4,니퍼트,"류지혁, 민병헌, 박건우, 양의지, 오재일, 에반스, 김재환, 정진호, 오재원"
663,SK,5,문승원,"나주환, 노수광, 최정, 이재원, 박정권, 최승준, 로맥, 정의윤, 최항",SAMSUNG,4,윤성환,"박해민, 구자욱, 러프, 이승엽, 강한울, 김성훈, 이원석, 조동찬, 김헌곤"
664,LG,3,소사,"안익훈, 박용택, 유강남, 최재원, 정성훈, 손주인, 이형종, 강승호, 김재율",NEXEN,5,최원태,"이정후, 서건창, 초이스, 김민성, 김하성, 장영석, 고종욱, 박동원, 박정음"
665,HANHWA,1,안영명,"오선진, 송광민, 최진행, 이성열, 김주현, 양성우, 이동훈, 김원석, 정범모",KT,6,정성곤,"하준호, 이진영, 윤석민, 김동욱, 장성우, 박기혁, 로하스, 유한준, 정현"
666,LOTTE,6,김원중,"손아섭, 박헌도, 강민호, 번즈, 전준우, 김문호, 이대호, 황진수, 신본기",NC,1,이재학,"이종욱, 박민우, 나성범, 이호준, 권희동, 조평호, 모창민, 손시헌, 김태군"
667,KIA,5,정용운,"이명기, 김선빈, 버나디나, 최형우, 나지완, 안치홍, 이범호, 김주형, 백용환",DOOSAN,3,유희관,"민병헌, 류지혁, 오재일, 김재환, 양의지, 에반스, 오재원, 허경민, 박건우"
668,SK,8,윤희상,"노수광, 최정, 정의윤, 나주환, 박정권, 정진기, 이재원, 김성현, 김동엽",SAMSUNG,7,페트릭,"러프, 이승엽, 박해민, 강한울, 김성훈, 구자욱, 조동찬, 배영섭, 권정웅"
669,LG,6,허프,"안익훈, 최재원, 이천웅, 강승호, 유강남, 박용택, 정성훈, 이형종, 손주인",NEXEN,2,브리검,"이정후, 서건창, 김하성, 고종욱, 김민성, 초이스, 장영석, 박동원, 주효상"
670,LOTTE,9,린드블럼,"김문호, 손아섭, 이대호, 강민호, 번즈, 신본기, 전준우, 최준석, 황진수",HANHWA,0,윤규진,"오선진, 이동훈, 김원석, 최진행, 이성열, 최재훈, 김주현, 로사리오, 임익준"
671,NEXEN,4,하영민,"서건창, 김하성, 이정후, 초이스, 장영석, 김민성, 이택근, 홍성갑, 박동원",KIA,7,양현종,"김선빈, 버나디나, 이명기, 최형우, 나지완, 안치홍, 이범호, 김민식, 서동욱"
672,NC,6,구창모,"이종욱, 박민우, 이호준, 권희동, 나성범, 모창민, 김태군, 조평호, 지석훈",LG,0,류제국,"정주현, 박용택, 정성훈, 양석환, 유강남, 백창수, 채은성, 이형종, 최재원"
673,KT,7,피어밴드,"로하스, 오태곤, 하준호, 윤석민, 정현, 오정복, 이진영, 유한준, 김동욱",SK,15,박종훈,"최승준, 로맥, 노수광, 나주환, 최정, 정의윤, 김동엽, 김성현, 김재현"
674,DOOSAN,2,보우덴,"박건우, 양의지, 에반스, 정진호, 류지혁, 김재환, 민병헌, 오재원, 김민혁",SAMSUNG,3,황수범,"김성훈, 구자욱, 강한울, 권정웅, 러프, 최원제, 김헌곤, 백상원, 배영섭"
675,LOTTE,7,레일리,"전준우, 김문호, 이대호, 강민호, 번즈, 최준석, 문규현, 손아섭, 신본기",HANHWA,2,배영수,"김원석, 로사리오, 이성열, 최재훈, 오선진, 최진행, 정현석, 임익준, 최윤석"
676,NEXEN,8,밴헤켄,"서건창, 장영석, 이정후, 초이스, 고종욱, 이택근, 김하성, 채태인, 박동원",KIA,7,헥터,"이명기, 김선빈, 나지완, 안치홍, 이범호, 버나디나, 김호령, 서동욱, 김민식"
677,NC,5,맨쉽,"박민우, 권희동, 모창민, 김태군, 이종욱, 손시헌, 지석훈, 김성욱, 나성범",LG,0,임찬규,"김재율, 양석환, 박용택, 유강남, 채은성, 강승호, 안익훈, 이천웅, 이형종"
678,KT,13,고영표,"김진곤, 윤석민, 이해창, 오태곤, 정현, 로하스, 유한준, 박기혁, 남태혁",SK,5,다이아몬드,"정진기, 노수광, 최정, 정의윤, 박정권, 로맥, 나주환, 최항, 김성현"
679,DOOSAN,7,장원준,"오재일, 류지혁, 박건우, 에반스, 민병헌, 오재원, 최주환, 박세혁, 허경민",SAMSUNG,1,우규민,"김성훈, 김헌곤, 조동찬, 이현동, 구자욱, 러프, 강한울, 정병곤, 이원석"
680,LG,4,차우찬,"문선재, 박용택, 정성훈, 양석환, 강승호, 손주인, 안익훈, 채은성, 유강남",KIA,3,팻딘,"버나디나, 김선빈, 최형우, 김주찬, 안치홍, 김호령, 이범호, 백용환, 나지완"
681,SK,6,켈리,"노수광, 나주환, 최정, 정의윤, 박정권, 로맥, 정진기, 최항, 이성우",LOTTE,2,송승준,"전준우, 손아섭, 최준석, 이대호, 강민호, 김문호, 번즈, 김동한, 문규현"
682,SAMSUNG,9,정인욱,"구자욱, 러프, 이원석, 박해민, 이승엽, 강한울, 김성훈, 김헌곤, 권정웅",NC,3,해커,"나성범, 모창민, 박민우, 권희동, 스크럭스, 지석훈, 이종욱, 김성욱, 김태군"
683,HANHWA,6,오간도,"김원석, 오선진, 최진행, 이성열, 양성우, 송광민, 로사리오, 정범모, 최윤석",DOOSAN,4,함덕주,"류지혁, 박건우, 에반스, 정진호, 양의지, 오재일, 오재원, 김재환, 최주환"
684,KT,5,박세진,"김진곤, 로하스, 윤석민, 유한준, 박경수, 오태곤, 장성우, 정현, 이진영",NEXEN,1,김성민,"이정후, 서건창, 김하성, 김민성, 초이스, 장영석, 이택근, 고종욱, 주효상"
685,LG,6,소사,"문선재, 안익훈, 정성훈, 유강남, 박용택, 채은성, 강승호, 손주인, 양석환",KIA,0,심동섭,"최원준, 안치홍, 김주찬, 나지완, 최형우, 이범호, 김선빈, 김민식, 백용환"
686,HANHWA,9,비야누에바,"최진행, 김원석, 오선진, 송광민, 로사리오, 이성열, 양성우, 정범모, 정경운",DOOSAN,13,니퍼트,"류지혁, 김재환, 박건우, 오재일, 에반스, 양의지, 허경민, 오재원, 정진호"
687,KT,5,로치,"김진곤, 이진영, 윤석민, 유한준, 박경수, 이해창, 로하스, 오태곤, 정현",NEXEN,4,최원태,"이정후, 서건창, 채태인, 김하성, 장영석, 초이스, 김민성, 고종욱, 주효상"
688,KIA,2,김진우,"최원준, 김주찬, 버나디나, 나지완, 안치홍, 서동욱, 김주형, 최형우, 한승택",HANHWA,11,김재영,"양성우, 오선진, 송광민, 최재훈, 김원석, 이성열, 정경운, 최진행, 로사리오"
689,DOOSAN,3,유희관,"김재환, 오재일, 양의지, 류지혁, 박건우, 허경민, 민병헌, 에반스, 조수행",KT,7,류희운,"로하스, 윤석민, 박경수, 장성우, 유한준, 오태곤, 정현, 김진곤, 오정복"
690,NEXEN,1,브리검,"이정후, 고종욱, 서건창, 김하성, 장영석, 채태인, 초이스, 김민성, 주효상",LG,1,허프,"정성훈, 이형종, 안익훈, 박용택, 양석환, 문선재, 최재원, 유강남, 강승호"
691,NC,4,이재학,"이종욱, 박민우, 권희동, 나성범, 김태군, 모창민, 손시헌, 스크럭스, 지석훈",SK,3,문승원,"노수광, 로맥, 김동엽, 나주환, 정의윤, 김성현, 최정, 최승준, 정진기"
692,LOTTE,5,박세웅,"전준우, 최준석, 손아섭, 강민호, 김문호, 번즈, 황진수, 이대호, 문규현",SAMSUNG,6,윤성환,"박해민, 김성훈, 구자욱, 러프, 이승엽, 이원석, 이현동, 강한울, 최경철"
693,KIA,9,양현종,"김주찬, 김선빈, 버나디나, 나지완, 안치홍, 이범호, 최원준, 최형우, 한승택",HANHWA,5,안영명,"송광민, 이성열, 김원석, 최윤석, 오선진, 양성우, 최진행, 정경운, 최재훈"
694,DOOSAN,3,보우덴,"민병헌, 박건우, 에반스, 오재일, 오재원, 박세혁, 류지혁, 허경민, 김재환",KT,2,피어밴드,"윤석민, 유한준, 박경수, 오정복, 로하스, 박기혁, 오태곤, 하준호, 장성우"
695,NEXEN,9,김정인,"이정후, 고종욱, 서건창, 장영석, 초이스, 허정협, 김하성, 김웅빈, 주효상",LG,10,류제국,"안익훈, 박용택, 김재율, 이형종, 강승호, 문선재, 양석환, 유강남, 오지환"
696,NC,4,장현식,"권희동, 모창민, 박민우, 나성범, 스크럭스, 지석훈, 이종욱, 손시헌, 김태군",SK,2,박종훈,"노수광, 나주환, 최정, 정의윤, 로맥, 박정권, 김동엽, 최항, 정진기"
697,LOTTE,6,김원중,"최준석, 전준우, 손아섭, 이대호, 번즈, 문규현, 박헌도, 강민호, 김동한",SAMSUNG,5,페트릭,"이원석, 박해민, 김성훈, 구자욱, 이승엽, 권정웅, 러프, 백상원, 이현동"
698,KT,3,정성곤,"로하스, 유한준, 박경수, 하준호, 김진곤, 이해창, 김동욱, 오태곤, 정현",LOTTE,2,린드블럼,"전준우, 이대호, 번즈, 손아섭, 최준석, 박헌도, 강민호, 신본기, 문규현"
699,HANHWA,6,윤규진,"오선진, 양성우, 송광민, 최진행, 이성열, 김원석, 정범모, 정경운, 김주현",NC,3,맨쉽,"박민우, 나성범, 모창민, 지석훈, 이종욱, 스크럭스, 손시헌, 권희동, 김태군"
700,LG,4,임찬규,"문선재, 박용택, 김재율, 이형종, 유강남, 손주인, 양석환, 채은성, 오지환",DOOSAN,3,장원준,"민병헌, 류지혁, 김재환, 오재일, 에반스, 허경민, 박건우, 오재원, 양의지"
701,KIA,6,임기영,"김선빈, 버나디나, 최형우, 이범호, 김주찬, 나지완, 안치홍, 김민식, 서동욱",SAMSUNG,5,황수범,"박해민, 김성훈, 이승엽, 이원석, 구자욱, 러프, 안주형, 김민수, 이현동"
702,SK,2,다이아몬드,"노수광, 나주환, 최정, 정의윤, 로맥, 김동엽, 최항, 김성현, 박정권",NEXEN,1,밴헤켄,"서건창, 초이스, 이정후, 김하성, 장영석, 김민성, 허정협, 박동원, 고종욱"
703,KT,5,박세진,"하준호, 정현, 로하스, 윤석민, 이해창, 장성우, 유한준, 박경수, 오태곤",LOTTE,7,송승준,"전준우, 강민호, 손아섭, 최준석, 문규현, 이대호, 박헌도, 번즈, 신본기"
704,HANHWA,5,배영수,"오선진, 이동훈, 송광민, 최진행, 이성열, 로사리오, 김원석, 최재훈, 최윤석",NC,11,구창모,"박민우, 김준완, 나성범, 스크럭스, 권희동, 이호준, 손시헌, 지석훈, 도태훈"
705,LG,1,차우찬,"정성훈, 채은성, 문선재, 김재율, 유강남, 오지환, 강승호, 양석환, 이형종",DOOSAN,5,함덕주,"류지혁, 오재일, 허경민, 정진호, 민병헌, 김재환, 양의지, 오재원, 박세혁"
706,KIA,6,헥터,"김주찬, 최형우, 안치홍, 나지완, 김호령, 김선빈, 버나디나, 최원준, 서동욱",SAMSUNG,9,우규민,"박해민, 구자욱, 러프, 강한울, 이원석, 배영섭, 권정웅, 김성훈, 이승엽"
707,SK,17,켈리,"최항, 노수광, 최정, 로맥, 김동엽, 김성현, 나주환, 정의윤, 이성우",NEXEN,8,김성민,"김하성, 고종욱, 이정후, 서건창, 초이스, 장영석, 이택근, 김민성, 박동원"
708,SAMSUNG,2,정인욱,"박해민, 강한울, 구자욱, 러프, 이승엽, 이원석, 배영섭, 김성훈, 권정웅",HANHWA,6,오간도,"오선진, 송광민, 로사리오, 이성열, 최재훈, 김원석, 양성우, 최진행, 하주석"
709,SK,2,문승원,"노수광, 최항, 최정, 로맥, 정의윤, 김동엽, 김성현, 이대수, 이성우",KIA,6,팻딘,"김주찬, 김선빈, 버나디나, 나지완, 이범호, 김민식, 최형우, 안치홍, 최원준"
710,NEXEN,2,브리검,"이정후, 초이스, 김하성, 장영석, 고종욱, 김민성, 서건창, 김웅빈, 주효상",KT,3,로치,"박경수, 로하스, 윤석민, 유한준, 이해창, 김동욱, 오태곤, 하준호, 박기혁"
711,LG,1,소사,"문선재, 박용택, 이형종, 김재율, 강승호, 유강남, 안익훈, 채은성, 양석환",LOTTE,2,레일리,"손아섭, 최준석, 이대호, 번즈, 전준우, 강민호, 박헌도, 문규현, 김동한"
712,NC,13,이재학,"나성범, 손시헌, 지석훈, 모창민, 이호준, 이종욱, 스크럭스, 김태군, 김준완",DOOSAN,14,니퍼트,"민병헌, 양의지, 박세혁, 류지혁, 박건우, 오재일, 오재원, 허경민, 김재환"
713,SAMSUNG,13,윤성환,"구자욱, 러프, 이원석, 박해민, 강한울, 이승엽, 배영섭, 김성훈, 최경철",HANHWA,5,비야누에바,"최진행, 하주석, 이동훈, 최윤석, 김원석, 송광민, 이성열, 오선진, 최재훈"
714,SK,15,윤희상,"노수광, 최정, 정의윤, 김동엽, 나주환, 로맥, 김강민, 김성현, 이재원",KIA,10,양현종,"버나디나, 최형우, 안치홍, 서동욱, 김주찬, 이범호, 김민식, 최원준, 김선빈"
715,NEXEN,8,신재영,"서건창, 채태인, 장영석, 고종욱, 박정음, 이정후, 이택근, 김하성, 박동원",KT,0,류희운,"하준호, 로하스, 이진영, 윤석민, 박경수, 남태혁, 장성우, 정현, 오태곤"
716,LG,3,허프,"안익훈, 김재율, 오지환, 이형종, 유강남, 손주인, 문선재, 박용택, 정성훈",LOTTE,1,박세웅,"전준우, 손아섭, 최준석, 이대호, 강민호, 박헌도, 번즈, 문규현, 신본기"
717,NC,3,장현식,"박민우, 스크럭스, 나성범, 김성욱, 권희동, 도태훈, 김종민, 모창민, 이호준",DOOSAN,13,유희관,"오재일, 허경민, 박건우, 김재환, 박세혁, 서예일, 조수행, 에반스, 민병헌"
718,LOTTE,2,김원중,"전준우, 김문호, 손아섭, 이대호, 최준석, 번즈, 문규현, 신본기, 나종덕",KIA,11,이민우,"최원준, 버나디나, 최형우, 김선빈, 안치홍, 나지완, 이범호, 서동욱, 김민식"
719,KT,12,피어밴드,"하준호, 로하스, 박경수, 윤석민, 유한준, 장성우, 정현, 김동욱, 오태곤",LG,11,류제국,"문선재, 안익훈, 박용택, 김재율, 양석환, 오지환, 이형종, 최재원, 유강남"
720,DOOSAN,6,보우덴,"박건우, 오재일, 박세혁, 김재환, 민병헌, 류지혁, 에반스, 허경민, 오재원",SK,8,박종훈,"최정, 박정권, 김성현, 노수광, 최항, 로맥, 정의윤, 정진기, 이재원"
721,NC,11,최금강,"나성범, 김성욱, 스크럭스, 모창민, 박석민, 손시헌, 김태군, 권희동, 박민우",SAMSUNG,11,페트릭,"구자욱, 러프, 이원석, 이승엽, 박해민, 김성훈, 강한울, 김상수, 김헌곤"
722,HANHWA,10,안영명,"이동훈, 로사리오, 하주석, 송광민, 이성열, 정범모, 오선진, 양성우, 김원석",NEXEN,2,한현희,"이정후, 박정음, 김하성, 채태인, 김민성, 서건창, 허정협, 박동원, 장영석"
723,LOTTE,4,린드블럼,"전준우, 손아섭, 번즈, 문규현, 정훈, 이대호, 강민호, 김문호, 황진수",KIA,3,임기영,"최원준, 서동욱, 버나디나, 최형우, 안치홍, 이범호, 김민식, 고장혁, 나지완"
724,KT,5,정성곤,"윤석민, 이해창, 하준호, 로하스, 정현, 김진곤, 박경수, 김동욱, 이진영",LG,4,임찬규,"안익훈, 김재율, 최재원, 유강남, 박용택, 손주인, 문선재, 이형종, 채은성"
725,DOOSAN,0,장원준,"허경민, 민병헌, 박건우, 김재환, 오재일, 에반스, 박세혁, 최주환, 류지혁",SK,5,다이아몬드,"김강민, 노수광, 정의윤, 로맥, 최항, 최정, 김동엽, 이성우, 김성현"
726,NC,3,맨쉽,"김성욱, 나성범, 권희동, 스크럭스, 박석민, 신진호, 박민우, 이상호, 이호준",SAMSUNG,11,백정현,"박해민, 배영섭, 강한울, 러프, 이원석, 최원제, 김상수, 김민수, 구자욱"
727,HANHWA,6,윤규진,"송광민, 양성우, 이성열, 김원석, 하주석, 정범모, 이동훈, 오선진, 이용규",NEXEN,4,밴헤켄,"서건창, 이정후, 초이스, 김하성, 장영석, 채태인, 박정음, 박동원, 허정협"
728,LG,1,차우찬,"안익훈, 김재율, 정성훈, 최민창, 박용택, 이형종, 유강남, 최재원, 오지환",HANHWA,3,김재영,"오선진, 양성우, 송광민, 로사리오, 김회성, 김원석, 하주석, 이동훈, 최재훈"
729,KIA,17,헥터,"버나디나, 김선빈, 김주찬, 나지완, 안치홍, 이범호, 김호령, 한승택, 최형우",KT,3,박세진,"하준호, 오태곤, 정현, 로하스, 윤석민, 이진영, 박경수, 이재근, 장성우"
730,SAMSUNG,5,황수범,"박해민, 구자욱, 러프, 배영섭, 최원제, 강한울, 이원석, 김상수, 권정웅",DOOSAN,9,고원준,"최주환, 박건우, 에반스, 박세혁, 허경민, 민병헌, 김재환, 오재일, 류지혁"
731,LOTTE,6,송승준,"전준우, 김문호, 이대호, 번즈, 손아섭, 황진수, 강민호, 신본기, 문규현",SK,1,켈리,"노수광, 최항, 최정, 정의윤, 박정권, 이대수, 로맥, 정진기, 조용호"
732,NC,15,구창모,"김성욱, 스크럭스, 이상호, 나성범, 모창민, 박석민, 손시헌, 권희동, 김태군",NEXEN,14,김성민,"이정후, 김하성, 장영석, 서건창, 허정협, 초이스, 김민성, 박정음, 이택근"
733,LG,8,소사,"양석환, 강승호, 문선재, 최민창, 박용택, 김재율, 채은성, 유강남, 오지환",HANHWA,1,오간도,"송광민, 로사리오, 최진행, 오선진, 양성우, 이성열, 최재훈, 이동훈, 하주석"
734,KIA,4,팻딘,"김선빈, 최형우, 서동욱, 김주찬, 나지완, 이범호, 버나디나, 김호령, 최원준",KT,3,로치,"정현, 오태곤, 로하스, 윤석민, 유한준, 이해창, 박경수, 하준호, 남태혁"
735,SAMSUNG,8,정인욱,"러프, 이승엽, 김성훈, 배영섭, 강한울, 박해민, 김헌곤, 이원석, 구자욱",DOOSAN,21,니퍼트,"최주환, 박건우, 에반스, 허경민, 양의지, 민병헌, 김재환, 오재일, 류지혁"
736,LOTTE,9,레일리,"전준우, 손아섭, 이대호, 김문호, 번즈, 강민호, 문규현, 황진수, 정훈",SK,5,문승원,"이대수, 김동엽, 정의윤, 로맥, 김강민, 이재원, 노수광, 최승준, 김성현"
737,NC,6,이재학,"김성욱, 스크럭스, 박민우, 모창민, 권희동, 나성범, 박석민, 이상호, 강진성",NEXEN,14,브리검,"이정후, 서건창, 김하성, 허정협, 임병욱, 초이스, 장영석, 주효상, 김웅빈"
738,LG,7,허프,"박용택, 유강남, 안익훈, 최민창, 김재율, 강승호, 양석환, 오지환, 문선재",KT,15,류희운,"하준호, 로하스, 정현, 윤석민, 박경수, 유한준, 이해창, 남태혁, 장성우"
739,LOTTE,3,김원중,"손아섭, 정훈, 이대호, 박헌도, 전준우, 번즈, 강민호, 문규현, 황진수",DOOSAN,8,유희관,"민병헌, 김재환, 오재일, 최주환, 에반스, 허경민, 류지혁, 정진호, 양의지"
740,KIA,4,양현종,"김주찬, 최형우, 나지완, 이범호, 김선빈, 최원준, 서동욱, 김민식, 김호령",SK,7,박종훈,"노수광, 정의윤, 이대수, 최정, 로맥, 김강민, 김성현, 김동엽, 이재원"
741,LG,1,김대현,"안익훈, 박용택, 정성훈, 이형종, 오지환, 강승호, 유강남, 최재원, 최민창",HANHWA,2,배영수,"오선진, 양성우, 송광민, 하주석, 이동훈, 로사리오, 이성열, 김회성, 정범모"
742,NC,2,장현식,"김성욱, 나성범, 스크럭스, 모창민, 박석민, 손시헌, 박민우, 권희동, 김태군",DOOSAN,3,보우덴,"허경민, 오재일, 에반스, 양의지, 민병헌, 국해성, 최주환, 김재환, 류지혁"
743,KIA,3,이민우,"김선빈, 김주찬, 안치홍, 이범호, 버나디나, 김주형, 나지완, 김호령, 최형우",SK,4,다이아몬드,"노수광, 최정, 정의윤, 로맥, 박정권, 이성우, 최항, 이대수, 조용호"
744,SAMSUNG,8,윤성환,"박해민, 구자욱, 강한울, 러프, 이승엽, 이원석, 김상수, 배영섭, 김헌곤",LG,4,임찬규,"안익훈, 정성훈, 박용택, 이형종, 채은성, 손주인, 김재율, 오지환, 강승호"
745,KT,3,정성곤,"정현, 하준호, 로하스, 윤석민, 유한준, 박경수, 장성우, 오태곤, 남태혁",NEXEN,5,밴헤켄,"김하성, 이정후, 서건창, 초이스, 장영석, 고종욱, 김민성, 박동원, 허정협"
746,SAMSUNG,4,백정현,"이원석, 강한울, 러프, 조동찬, 김성훈, 박해민, 배영섭, 김헌곤, 김민수",LG,8,차우찬,"문선재, 박용택, 유강남, 강승호, 안익훈, 백승현, 최민창, 김재율, 양석환"
747,HANHWA,0,안영명,"오선진, 양성우, 송광민, 로사리오, 이성열, 최진행, 하주석, 최재훈, 이동훈",LOTTE,2,린드블럼,"전준우, 손아섭, 최준석, 이대호, 강민호, 김문호, 번즈, 문규현, 황진수"
748,KIA,0,헥터,"안치홍, 나지완, 이범호, 서동욱, 김선빈, 김주찬, 최형우, 김호령, 한승택",DOOSAN,6,장원준,"류지혁, 김재환, 민병헌, 박건우, 오재일, 양의지, 에반스, 오재원, 허경민"
749,KIA,8,임기영,"김선빈, 버나디나, 안치홍, 김주찬, 최형우, 나지완, 이범호, 김호령, 김민식",KT,3,심재민,"정현, 로하스, 윤석민, 하준호, 이진영, 박경수, 이해창, 김진곤, 오태곤"
750,NC,9,맨쉽,"박민우, 스크럭스, 권희동, 나성범, 손시헌, 신진호, 김준완, 박석민, 윤병호",LG,11,소사,"문선재, 안익훈, 박용택, 김재율, 유강남, 양석환, 강승호, 백승현, 최민창"
751,HANHWA,8,윤규진,"이동훈, 오선진, 송광민, 하주석, 김태균, 양성우, 로사리오, 이성열, 김회성",SAMSUNG,7,황수범,"김성훈, 강한울, 구자욱, 러프, 조동찬, 배영섭, 김헌곤, 최영진, 김민수"
752,LOTTE,7,레일리,"손아섭, 전준우, 김문호, 강민호, 문규현, 이대호, 번즈, 황진수, 박헌도",NEXEN,2,브리검,"서건창, 초이스, 김하성, 장영석, 김태완, 박정음, 허정협, 김민성, 박동원"
753,KIA,0,팻딘,"김선빈, 신종길, 버나디나, 최형우, 안치홍, 서동욱, 이범호, 김호령, 김민식",HANHWA,5,김재영,"오선진, 이동훈, 김회성, 최재훈, 정경운, 김태균, 최진행, 김원석, 최윤석"
754,DOOSAN,6,유희관,"민병헌, 최주환, 박건우, 오재원, 오재일, 양의지, 에반스, 김재환, 류지혁",KT,4,로치,"정현, 로하스, 윤석민, 오태곤, 이해창, 하준호, 김동욱, 박기혁, 오정복"
755,NC,4,해커,"김성욱, 나성범, 박민우, 스크럭스, 권희동, 박석민, 손시헌, 모창민, 김태군",LG,3,허프,"양석환, 유강남, 강승호, 문선재, 안익훈, 박용택, 김재율, 최민창, 이형종"
756,LOTTE,11,박세웅,"전준우, 손아섭, 이대호, 강민호, 번즈, 문규현, 최준석, 김문호, 정훈",HANHWA,8,김민우,"이동훈, 송광민, 김회성, 하주석, 이성열, 강상원, 김태균, 허도환, 최재훈"
757,KIA,6,양현종,"김선빈, 김주찬, 버나디나, 최형우, 안치홍, 이범호, 김민식, 나지완, 김호령",LG,0,김대현,"안익훈, 박용택, 김재율, 문선재, 양석환, 유강남, 이형종, 백승현, 강승호"
758,SAMSUNG,1,페트릭,"박해민, 구자욱, 러프, 조동찬, 김성훈, 강한울, 이원석, 김헌곤, 최영진",NC,11,장현식,"김성욱, 박민우, 스크럭스, 모창민, 손시헌, 김태군, 나성범, 권희동, 박석민"
759,KT,3,류희운,"정현, 하준호, 로하스, 박경수, 김동욱, 오태곤, 장성우, 이해창, 윤석민",DOOSAN,2,니퍼트,"박건우, 오재원, 양의지, 허경민, 김재환, 오재일, 에반스, 서예일, 민병헌"
760,HANHWA,4,비야누에바,"오선진, 송광민, 김태균, 최진행, 하주석, 양성우, 김회성, 최재훈, 이동훈",KIA,7,헥터,"김주찬, 김선빈, 버나디나, 최형우, 안치홍, 이범호, 나지완, 김민식, 김호령"
761,KT,6,정성곤,"정현, 로하스, 윤석민, 유한준, 오태곤, 김동욱, 박기혁, 장성우, 하준호",LG,15,차우찬,"박용택, 양석환, 문선재, 안익훈, 유강남, 이형종, 강승호, 김재율, 정성훈"
762,HANHWA,2,안영명,"오선진, 김태균, 정범모, 이동훈, 김회성, 최윤석, 정경운, 양성우, 김원석",KIA,7,팻딘,"김주찬, 최형우, 이범호, 안치홍, 서동욱, 이명기, 버나디나, 김민식, 김선빈"
763,SK,2,다이아몬드,"노수광, 최정, 정의윤, 로맥, 김성현, 김동엽, 최승준, 최항, 이성우",LOTTE,7,린드블럼,"손아섭, 최준석, 강민호, 전준우, 이대호, 번즈, 황진수, 박헌도, 문규현"
764,LG,3,소사,"문선재, 박용택, 양석환, 채은성, 이형종, 강승호, 유강남, 김재율, 백승현",DOOSAN,5,장원준,"민병헌, 오재일, 양의지, 오재원, 최주환, 박건우, 김재환, 에반스, 조수행"
765,NC,8,맨쉽,"박민우, 김성욱, 나성범, 권희동, 손시헌, 스크럭스, 이호준, 김태군, 모창민",NEXEN,4,밴헤켄,"김하성, 장영석, 이정후, 초이스, 임병욱, 김혜성, 김웅빈, 서건창, 송성문"
766,HANHWA,1,김재영,"오선진, 양성우, 송광민, 김태균, 이성열, 김회성, 하주석, 최재훈, 이동훈",SK,4,켈리,"노수광, 최정, 로맥, 정의윤, 김동엽, 박정권, 박승욱, 박성한, 김강민"
767,LG,4,허프,"박용택, 양석환, 유강남, 최민창, 김재율, 백승현, 강승호, 문선재, 이형종",SAMSUNG,3,최지광,"구자욱, 러프, 강한울, 박해민, 김헌곤, 이원석, 조동찬, 김상수, 이승엽"
768,NC,11,해커,"박민우, 이호준, 김성욱, 모창민, 권희동, 나성범, 손시헌, 김태군, 이종욱",NEXEN,4,브리검,"이정후, 초이스, 김혜성, 서건창, 김하성, 김태완, 장영석, 주효상, 고종욱"
769,KT,20,로치,"윤석민, 오태곤, 정현, 로하스, 이해창, 박기혁, 유한준, 이진영, 남태혁",KIA,2,임기영,"서동욱, 버나디나, 김주찬, 최형우, 나지완, 최원준, 이범호, 김민식, 백용환"
770,HANHWA,4,배영수,"양성우, 송광민, 오선진, 최진행, 김태균, 이성열, 하주석, 최재훈, 이동훈",DOOSAN,6,보우덴,"박건우, 양의지, 민병헌, 오재일, 에반스, 오재원, 최주환, 김재환, 류지혁"
771,LG,3,임찬규,"안익훈, 최민창, 김재율, 양석환, 유강남, 이형종, 백승현, 문선재, 박용택",SAMSUNG,10,우규민,"강한울, 러프, 박해민, 구자욱, 이승엽, 이원석, 배영섭, 김성훈, 김민수"
772,KT,3,김사율,"정현, 오태곤, 로하스, 윤석민, 유한준, 오정복, 남태혁, 박기혁, 이진영",KIA,5,양현종,"김주찬, 이명기, 버나디나, 최형우, 나지완, 안치홍, 이범호, 김선빈, 김민식"
773,KT,2,주권,"이진영, 로하스, 유한준, 오태곤, 정현, 윤석민, 이해창, 오정복, 박기혁",KIA,10,헥터,"이명기, 김주찬, 안치홍, 최형우, 이범호, 김민식, 버나디나, 김선빈, 나지완"
774,DOOSAN,2,니퍼트,"김재환, 양의지, 에반스, 오재원, 류지혁, 오재일, 민병헌, 최주환, 박건우",SK,3,문승원,"노수광, 로맥, 나주환, 박정권, 박성한, 최정, 조용호, 김동엽, 정진기"
775,LOTTE,4,레일리,"전준우, 손아섭, 이대호, 강민호, 최준석, 김문호, 번즈, 황진수, 문규현",LG,2,김대현,"문선재, 정성훈, 김재율, 양석환, 유강남, 백창수, 이형종, 백승현, 강승호"
776,HANHWA,8,김민우,"오선진, 송광민, 하주석, 이동훈, 김태균, 최재훈, 최진행, 이성열, 양성우",NC,8,장현식,"박민우, 나성범, 스크럭스, 권희동, 노진혁, 손시헌, 모창민, 신진호, 이종욱"
777,SAMSUNG,10,백정현,"강한울, 이승엽, 박해민, 러프, 이원석, 박한이, 김성훈, 김민수, 구자욱",NEXEN,9,한현희,"이정후, 서건창, 초이스, 고종욱, 장영석, 김혜성, 김재현, 김태완, 김웅빈"
